Precinct,Registered Voters,Matt Dugan,Steve Zappala,Total
Aleppo,1319,157,95,252
Aspinwall Dist 1,828,124,125,249
Aspinwall Dist 2,563,83,79,162
Aspinwall Dist 3,813,140,126,266
Avalon Ward 1,1030,139,51,190
Avalon Ward 2 Dist 1,658,69,41,110
Avalon Ward 2 Dist 2,434,48,39,87
Avalon Ward 3 Dist 1,318,32,29,61
Avalon Ward 3 Dist 2,426,51,41,93
Avalon Ward 3 Dist 3,481,72,28,101
Baldwin Br Dist 1,600,40,80,120
Baldwin Br Dist 2,991,112,123,236
Baldwin Br Dist 3,819,61,74,135
Baldwin Br Dist 4,759,54,69,124
Baldwin Br Dist 5,789,49,70,119
Baldwin Br Dist 6,722,62,69,131
Baldwin Br Dist 7,802,48,68,116
Baldwin Br Dist 8,705,41,98,139
Baldwin Br Dist 9,753,51,94,145
Baldwin Br Dist 10,974,32,48,80
Baldwin Br Dist 11,1248,73,87,160
Baldwin Br Dist 12,612,51,66,118
Baldwin Br Dist 13,663,50,91,141
Baldwin Br Dist 14,590,46,68,114
Baldwin Br Dist 15,758,58,106,164
Baldwin Br Dist 16,877,63,109,172
Baldwin Br Dist 17,635,58,75,133
Baldwin Br Dist 18,911,77,115,193
Baldwin Tp Dist 1,774,68,74,142
Baldwin Tp Dist 2,718,58,91,149
Bell Acres,1175,107,89,196
Bellevue Ward 1 Dist 1,945,108,53,161
Bellevue Ward 1 Dist 2,894,103,65,168
Bellevue Ward 2 Dist 1,1055,96,57,154
Bellevue Ward 2 Dist 2,924,100,53,153
Bellevue Ward 3 Dist 1,955,103,51,154
Bellevue Ward 3 Dist 2,937,110,73,183
Ben Avon Dist 1,472,72,41,113
Ben Avon Dist 2,972,152,74,226
Ben Avon Ht,336,44,34,78
Bethel Park Ward 1 Dist 1,819,61,65,126
Bethel Park Ward 1 Dist 2,751,66,73,139
Bethel Park Ward 1 Dist 3,804,70,85,155
Bethel Park Ward 2 Dist 1,707,61,67,128
Bethel Park Ward 2 Dist 2,924,69,74,144
Bethel Park Ward 2 Dist 3,1053,84,86,170
Bethel Park Ward 3 Dist 1,781,80,64,144
Bethel Park Ward 3 Dist 2,1085,106,98,204
Bethel Park Ward 3 Dist 3,1063,96,104,200
Bethel Park Ward 4 Dist 1,1282,123,124,248
Bethel Park Ward 4 Dist 2,781,73,86,159
Bethel Park Ward 4 Dist 3,858,69,75,144
Bethel Park Ward 5 Dist 1,684,33,57,90
Bethel Park Ward 5 Dist 2,616,56,38,94
Bethel Park Ward 5 Dist 3,1445,137,146,283
Bethel Park Ward 6 Dist 1,1264,103,81,184
Bethel Park Ward 6 Dist 2,927,75,104,179
Bethel Park Ward 6 Dist 3,863,81,88,169
Bethel Park Ward 7 Dist 1,1149,94,106,200
Bethel Park Ward 7 Dist 2,1222,113,106,219
Bethel Park Ward 7 Dist 3,734,56,65,121
Bethel Park Ward 8 Dist 1,552,57,44,101
Bethel Park Ward 8 Dist 2,494,38,48,86
Bethel Park Ward 8 Dist 3,1285,111,122,233
Bethel Park Ward 8 Dist 4,452,44,32,76
Bethel Park Ward 9 Dist 1,567,38,55,93
Bethel Park Ward 9 Dist 2,700,54,63,118
Bethel Park Ward 9 Dist 3,1362,134,99,233
Blawnox,961,77,124,201
Brackenridge Ward 1,469,28,59,87
Brackenridge Ward 2,733,49,97,146
Brackenridge Ward 3,624,33,56,89
Braddock Ward 1,444,52,21,74
Braddock Ward 2,573,76,24,100
Braddock Ward 3,394,46,9,55
Braddock Hl Dist 1,754,88,63,151
Braddock Hl Dist 2,509,84,83,167
Bradford Woods,990,100,73,173
Brentwood Dist 1,524,41,55,96
Brentwood Dist 2,707,64,63,127
Brentwood Dist 3,608,47,49,96
Brentwood Dist 4,778,45,86,131
Brentwood Dist 5,677,50,50,100
Brentwood Dist 6,665,44,39,83
Brentwood Dist 7,710,29,57,86
Brentwood Dist 8,711,58,90,148
Brentwood Dist 9,596,56,60,116
Brentwood Dist 10,533,22,46,68
Bridgeville Dist 1,760,49,66,115
Bridgeville Dist 2,830,51,51,102
Bridgeville Dist 3,817,59,57,116
Bridgeville Dist 4,960,92,75,167
Carnegie Ward 1 Dist 1,523,37,36,73
Carnegie Ward 1 Dist 2,1153,93,68,161
Carnegie Ward 1 Dist 3,839,78,67,145
Carnegie Ward 1 Dist 4,373,32,23,55
Carnegie Ward 2 Dist 1,602,57,35,92
Carnegie Ward 2 Dist 2,490,42,38,80
Carnegie Ward 2 Dist 3,483,46,63,109
Carnegie Ward 2 Dist 4,838,63,57,120
Casl Shannon Dist 1,1044,87,54,141
Casl Shannon Dist 2,782,77,68,145
Casl Shannon Dist 3,836,66,68,134
Casl Shannon Dist 4,629,62,59,121
Casl Shannon Dist 5,759,69,79,148
Casl Shannon Dist 6,624,53,62,115
Casl Shannon Dist 7,736,66,88,154
Casl Shannon Dist 8,537,48,54,103
Chalfant Dist 1,573,51,58,109
Cheswick Dist 1,619,49,106,155
Cheswick Dist 2,645,56,105,161
Churchill Dist 1,706,143,63,206
Churchill Dist 2,684,139,71,210
Churchill Dist 3,646,98,81,179
Churchill Dist 4,681,120,61,182
Clairton Ward 1 Dist 1,326,30,31,61
Clairton Ward 1 Dist 2,378,23,35,59
Clairton Ward 1 Dist 3,311,22,41,63
Clairton Ward 2 Dist 1,97,11,5,16
Clairton Ward 2 Dist 2,270,42,12,54
Clairton Ward 2 Dist 3,391,45,13,58
Clairton Ward 3 Dist 1,399,40,38,78
Clairton Ward 3 Dist 2,320,27,27,55
Clairton Ward 3 Dist 3,336,13,22,35
Clairton Ward 4 Dist 1,342,47,33,80
Clairton Ward 4 Dist 2,327,46,21,67
Clairton Ward 4 Dist 3,416,39,36,75
Collier Dist 1,1472,132,113,245
Collier Dist 2,1361,96,144,240
Collier Dist 3,1247,112,149,261
Collier Dist 4,732,66,95,161
Collier Dist 5,968,42,52,94
Collier Dist 6,1100,89,69,158
Coraopolis Ward 1 Dist 1,432,58,19,77
Coraopolis Ward 1 Dist 2,478,72,29,101
Coraopolis Ward 2,767,78,60,138
Coraopolis Ward 3 Dist 1,553,59,35,94
Coraopolis Ward 3 Dist 2,548,54,29,83
Coraopolis Ward 4 Dist 1,438,53,39,94
Coraopolis Ward 4 Dist 2,528,50,52,102
Crafton Ward 1 Dist 1,852,94,70,164
Crafton Ward 1 Dist 2,587,60,39,99
Crafton Ward 2 Dist 1,609,77,42,119
Crafton Ward 2 Dist 2,764,75,58,133
Crafton Ward 3 Dist 1,956,106,64,170
Crafton Ward 3 Dist 2,564,64,37,101
Crescent Ward 1,1034,84,64,148
Crescent Ward 2,661,45,39,84
Dormont Dist 1,673,64,51,115
Dormont Dist 2,517,76,41,117
Dormont Dist 3,885,104,66,170
Dormont Dist 4,635,76,33,109
Dormont Dist 5,964,132,95,228
Dormont Dist 6,480,64,54,118
Dormont Dist 7,501,70,54,124
Dormont Dist 8,393,60,47,107
Dormont Dist 9,525,70,42,112
Dormont Dist 10,623,95,47,143
Dravosburg Dist 1,516,42,62,104
Dravosburg Dist 2,341,17,43,60
Dravosburg Dist 3,242,29,36,65
Duquesne Ward 1 Dist 1,413,42,32,74
Duquesne Ward 1 Dist 2,462,34,31,66
Duquesne Ward 1 Dist 3,267,22,10,32
Duquesne Ward 1 Dist 4,182,7,7,14
Duquesne Ward 2 Dist 1,291,39,20,59
Duquesne Ward 2 Dist 2,353,37,17,54
Duquesne Ward 2 Dist 3,418,34,24,58
Duquesne Ward 3 Dist 1,217,18,12,30
Duquesne Ward 3 Dist 2,145,14,2,16
Duquesne Ward 3 Dist 3,525,50,39,89
East Deer Ward 1,311,13,39,52
East Deer Ward 2,566,25,69,94
E McKeesport Dist 1,393,35,52,87
E McKeesport Dist 2,508,38,54,92
E McKeesport Dist 3,436,34,41,75
E Pittsburgh Ward 1,342,23,18,42
E Pittsburgh Ward 2,388,31,20,51
E Pittsburgh Ward 3,465,28,22,50
Edgewood Dist 1,986,222,78,300
Edgewood Dist 2,905,239,84,323
Edgewood Dist 3,818,200,74,274
Edgeworth Dist 1,653,67,35,102
Edgeworth Dist 2,757,91,56,147
Elizabeth Br,858,39,66,105
Elizabeth Tp Ward 1 Dist 1,532,30,63,93
Elizabeth Tp Ward 1 Dist 2,914,57,84,142
Elizabeth Tp Ward 2,1285,59,129,188
Elizabeth Tp Ward 3,1323,94,148,242
Elizabeth Tp Ward 4 Dist 1,861,50,61,111
Elizabeth Tp Ward 4 Dist 2,426,33,47,80
Elizabeth Tp Ward 5 Dist 1,423,12,24,36
Elizabeth Tp Ward 5 Dist 2,775,49,64,113
Elizabeth Tp Ward 6 Dist 1,576,33,50,83
Elizabeth Tp Ward 6 Dist 2,689,37,46,83
Elizabeth Tp Ward 7,1205,80,102,182
Emsworth Dist 1,770,78,59,137
Emsworth Dist 2,980,84,61,145
Etna Ward 1,800,92,79,171
Etna Ward 2,661,48,63,111
Etna Ward 3,699,64,64,128
Fawn Dist 1,544,19,40,59
Fawn Dist 2,914,57,86,143
Findlay Dist 1,1630,95,59,154
Findlay Dist 2,1882,143,129,272
Findlay Dist 3,1180,91,95,186
Forest Hills Dist 1,604,171,72,243
Forest Hills Dist 2,626,125,60,185
Forest Hills Dist 3,621,97,73,170
Forest Hills Dist 4,719,105,70,176
Forest Hills Dist 5,697,126,80,206
Forest Hills Dist 6,596,140,52,192
Forest Hills Dist 7,756,88,41,129
Forest Hills Dist 8,709,118,90,208
Forward Dist 1,356,10,36,46
Forward Dist 2,809,46,91,137
Forward Dist 3,375,30,38,68
Forward Dist 4,465,34,47,81
Fox Chapel Dist 1,830,100,68,168
Fox Chapel Dist 2,997,96,103,199
Fox Chapel Dist 3,728,91,58,149
Fox Chapel Dist 4,1180,139,97,236
Fox Chapel Dist 5,942,68,70,138
Franklin Pk Ward 1 Dist 1,1148,90,65,156
Franklin Pk Ward 1 Dist 2,1432,89,75,164
Franklin Pk Ward 1 Dist 3,1269,140,74,214
Franklin Pk Ward 2 Dist 1,1248,108,42,150
Franklin Pk Ward 2 Dist 2,1263,128,81,209
Franklin Pk Ward 2 Dist 3,1398,134,89,224
Franklin Pk Ward 3 Dist 1,1308,85,82,167
Franklin Pk Ward 3 Dist 2,772,90,46,136
Franklin Pk Ward 3 Dist 3,1244,144,85,229
Frazer,788,40,66,106
Glassport Dist 1,550,45,63,108
Glassport Dist 2,393,19,20,39
Glassport Dist 3,529,25,54,79
Glassport Dist 4,239,8,16,24
Glassport Dist 5,442,24,69,93
Glassport Dist 6,415,23,37,60
Glenfield,142,16,9,25
Green Tree Dist 1,777,72,120,192
Green Tree Dist 2,1034,113,107,220
Green Tree Dist 3,1025,89,100,189
Green Tree Dist 4,864,83,83,166
Hampton Dist 1,1164,111,81,192
Hampton Dist 2,1234,72,102,176
Hampton Dist 3,1322,96,90,186
Hampton Dist 4,624,41,49,90
Hampton Dist 5,687,49,66,115
Hampton Dist 6,629,38,57,95
Hampton Dist 7,1394,123,101,224
Hampton Dist 8,932,77,95,172
Hampton Dist 9,1363,105,125,231
Hampton Dist 10,1526,107,119,226
Hampton Dist 11,1686,134,147,281
Hampton Dist 12,860,86,57,143
Hampton Dist 13,735,78,76,156
Harmar Dist 1,1233,92,151,243
Harmar Dist 2,641,46,64,110
Harmar Dist 3,351,18,53,71
Harrison Ward 1 Dist 1,281,28,41,69
Harrison Ward 1 Dist 2,591,57,59,116
Harrison Ward 1 Dist 3,679,43,81,124
Harrison Ward 2 Dist 1,331,32,42,74
Harrison Ward 2 Dist 2,527,33,52,85
Harrison Ward 3 Dist 1,1053,87,186,273
Harrison Ward 3 Dist 2,641,57,96,153
Harrison Ward 4 Dist 1,671,40,78,118
Harrison Ward 4 Dist 2,572,29,65,94
Harrison Ward 5 Dist 1,486,30,50,80
Harrison Ward 5 Dist 2,774,36,83,119
Haysville,58,9,3,12
Heidelberg,891,71,68,139
Homestead Ward 1 Dist 1,505,71,24,95
Homestead Ward 1 Dist 2,320,42,17,59
Homestead Ward 2 Dist 1,412,42,9,51
Homestead Ward 2 Dist 2,273,36,10,46
Homestead Ward 3 Dist 1,396,37,22,59
Homestead Ward 3 Dist 2,245,19,11,30
Indiana Dist 1,944,57,55,112
Indiana Dist 2,845,48,78,126
Indiana Dist 3,1492,81,120,201
Indiana Dist 4,1108,110,128,238
Indiana Dist 5,912,63,95,158
Ingram Dist 1,820,78,73,151
Ingram Dist 2,601,63,45,108
Ingram Dist 3,890,102,73,175
Jefferson Hl Dist 1,1108,82,76,158
Jefferson Hl Dist 2,881,45,68,113
Jefferson Hl Dist 3,1116,63,82,145
Jefferson Hl Dist 4,917,62,66,128
Jefferson Hl Dist 5,1163,62,79,141
Jefferson Hl Dist 6,796,39,51,90
Jefferson Hl Dist 7,641,36,54,91
Jefferson Hl Dist 8,954,60,88,149
Jefferson Hl Dist 9,1004,71,123,194
Kennedy Dist 1,1442,168,244,412
Kennedy Dist 2,818,64,125,192
Kennedy Dist 3,970,105,175,280
Kennedy Dist 4,444,40,104,144
Kennedy Dist 5,1392,131,196,327
Kennedy Dist 6,954,76,120,196
Kennedy Dist 7,543,66,99,165
Kilbuck,603,58,56,114
Leet Dist 1,401,50,42,92
Leet Dist 2,788,94,52,147
Leetsdale,804,76,65,141
Liberty Dist 1,835,47,74,121
Liberty Dist 2,745,49,68,117
Lincoln,645,38,59,97
Marshall Dist 1,902,57,34,91
Marshall Dist 2,1180,84,43,127
Marshall Dist 3,797,73,44,117
Marshall Dist 4,1187,114,72,186
Marshall Dist 5,914,50,28,78
Marshall Dist 6,969,52,60,112
Marshall Dist 7,1252,79,73,152
McCandless Ward 1 Dist 1,1138,118,61,179
McCandless Ward 1 Dist 2,769,74,60,134
McCandless Ward 1 Dist 3,1232,80,59,140
McCandless Ward 2 Dist 1,1352,129,102,231
McCandless Ward 2 Dist 2,867,92,64,156
McCandless Ward 2 Dist 3,853,61,63,124
McCandless Ward 3 Dist 1,933,102,101,204
McCandless Ward 3 Dist 2,1038,105,69,174
McCandless Ward 3 Dist 3,1079,100,76,176
McCandless Ward 4 Dist 1,1449,118,135,253
McCandless Ward 4 Dist 2,935,80,74,155
McCandless Ward 4 Dist 3,731,73,66,139
McCandless Ward 5 Dist 1,836,71,52,123
McCandless Ward 5 Dist 2,1383,123,130,253
McCandless Ward 5 Dist 3,992,127,87,214
McCandless Ward 6 Dist 1,478,49,54,103
McCandless Ward 6 Dist 2,1016,96,81,177
McCandless Ward 6 Dist 3,1811,190,148,338
McCandless Ward 7 Dist 1,1616,141,97,238
McCandless Ward 7 Dist 2,971,105,91,196
McCandless Ward 7 Dist 3,518,48,50,98
McDonald,217,16,8,24
McKeesport Ward 2,193,15,6,21
McKeesport Ward 3 Dist 1,270,28,12,40
McKeesport Ward 3 Dist 2,100,19,6,25
McKeesport Ward 4,267,22,13,35
McKeesport Ward 5,414,37,33,70
McKeesport Ward 6 Dist 1,317,16,18,34
McKeesport Ward 6 Dist 2,263,33,17,50
McKeesport Ward 7 Dist 1,418,69,48,117
McKeesport Ward 7 Dist 2,257,48,18,66
McKeesport Ward 7 Dist 3,287,27,18,45
McKeesport Ward 7 Dist 4,384,38,21,59
McKeesport Ward 7 Dist 5,484,36,40,76
McKeesport Ward 7 Dist 6,423,31,32,64
McKeesport Ward 7 Dist 7,315,42,31,73
McKeesport Ward 8 Dist 1,253,25,32,57
McKeesport Ward 8 Dist 2,494,54,52,106
McKeesport Ward 8 Dist 3,474,47,51,99
McKeesport Ward 8 Dist 4,431,31,62,93
McKeesport Ward 8 Dist 5,481,30,23,53
McKeesport Ward 8 Dist 6,194,17,16,33
McKeesport Ward 9 Dist 1,447,43,44,87
McKeesport Ward 9 Dist 2,524,44,61,105
McKeesport Ward 9 Dist 3,370,24,45,69
McKeesport Ward 10 Dist 1,263,19,27,46
McKeesport Ward 10 Dist 2,308,23,34,57
McKeesport Ward 11 Dist 1,400,37,62,99
McKeesport Ward 11 Dist 2,363,37,48,85
McKeesport Ward 11 Dist 3,261,36,36,72
McKeesport Ward 12 Dist 1,309,22,42,64
McKeesport Ward 12 Dist 2,358,27,65,92
McKeesport Ward 12 Dist 3,555,58,153,211
McKees Rocks Ward 1 Dist 1,233,9,3,12
McKees Rocks Ward 1 Dist 2,490,38,30,68
McKees Rocks Ward 2 Dist 1,590,34,38,72
McKees Rocks Ward 2 Dist 2,540,30,15,45
McKees Rocks Ward 3 Dist 1,716,58,55,113
McKees Rocks Ward 3 Dist 2,497,26,25,52
McKees Rocks Ward 3 Dist 3,489,39,31,71
Millvale Dist 1,456,47,34,81
Millvale Dist 2,446,28,31,59
Millvale Dist 3,413,58,29,87
Millvale Dist 4,429,46,31,77
Millvale Dist 5,487,59,53,112
Monroeville Ward 1 Dist 1,667,46,65,111
Monroeville Ward 1 Dist 2,611,61,62,123
Monroeville Ward 1 Dist 3,794,79,83,162
Monroeville Ward 1 Dist 4,833,54,39,93
Monroeville Ward 2 Dist 1,911,104,92,196
Monroeville Ward 2 Dist 2,958,107,92,199
Monroeville Ward 2 Dist 3,1030,125,95,220
Monroeville Ward 3 Dist 1,1142,91,102,194
Monroeville Ward 3 Dist 2,609,43,57,100
Monroeville Ward 3 Dist 3,951,92,106,198
Monroeville Ward 3 Dist 4,435,39,40,79
Monroeville Ward 4 Dist 1,633,44,69,113
Monroeville Ward 4 Dist 2,1001,74,94,168
Monroeville Ward 4 Dist 3,951,78,108,186
Monroeville Ward 5 Dist 1,557,35,73,108
Monroeville Ward 5 Dist 2,841,56,55,111
Monroeville Ward 5 Dist 3,903,82,70,152
Monroeville Ward 5 Dist 4,638,50,23,73
Monroeville Ward 6 Dist 1,799,98,95,193
Monroeville Ward 6 Dist 2,831,77,89,166
Monroeville Ward 6 Dist 3,1000,63,47,110
Monroeville Ward 6 Dist 4,367,48,20,68
Monroeville Ward 7 Dist 1,1439,157,107,265
Monroeville Ward 7 Dist 2,804,88,53,141
Monroeville Ward 7 Dist 3,659,84,46,130
Moon Dist 1,1097,83,46,129
Moon Dist 2,1756,195,110,305
Moon Dist 3,1333,128,64,192
Moon Dist 4,782,82,27,109
Moon Dist 5,2448,214,85,299
Moon Dist 6,2385,206,112,319
Moon Dist 7,1564,132,82,215
Moon Dist 8,1012,114,77,191
Moon Dist 9,1958,127,83,211
Moon Dist 10,760,77,39,116
Moon Dist 11,1360,141,71,213
Moon Dist 12,996,120,75,195
Moon Dist 13,713,57,39,96
Mt Lebanon Ward 1 Dist 1,806,114,67,181
Mt Lebanon Ward 1 Dist 2,610,93,51,144
Mt Lebanon Ward 1 Dist 3,635,108,61,169
Mt Lebanon Ward 1 Dist 4,762,137,67,204
Mt Lebanon Ward 1 Dist 5,598,113,51,164
Mt Lebanon Ward 1 Dist 6,1004,137,100,239
Mt Lebanon Ward 1 Dist 7,741,104,68,173
Mt Lebanon Ward 2 Dist 1,965,130,100,230
Mt Lebanon Ward 2 Dist 2,601,100,56,156
Mt Lebanon Ward 2 Dist 3,685,107,65,172
Mt Lebanon Ward 2 Dist 4,552,94,43,137
Mt Lebanon Ward 2 Dist 5,565,70,77,147
Mt Lebanon Ward 2 Dist 6,559,80,58,138
Mt Lebanon Ward 2 Dist 7,648,103,64,167
Mt Lebanon Ward 2 Dist 8,944,125,113,238
Mt Lebanon Ward 3 Dist 1,655,97,75,172
Mt Lebanon Ward 3 Dist 2,876,133,72,205
Mt Lebanon Ward 3 Dist 3,687,85,71,156
Mt Lebanon Ward 3 Dist 4,681,72,58,130
Mt Lebanon Ward 3 Dist 5,714,106,74,180
Mt Lebanon Ward 3 Dist 6,440,71,28,99
Mt Lebanon Ward 3 Dist 7,848,123,76,199
Mt Lebanon Ward 3 Dist 8,300,39,15,54
Mt Lebanon Ward 4 Dist 1,743,99,59,158
Mt Lebanon Ward 4 Dist 2,835,136,42,178
Mt Lebanon Ward 4 Dist 3,683,68,61,129
Mt Lebanon Ward 4 Dist 4,666,101,49,150
Mt Lebanon Ward 4 Dist 5,626,77,56,133
Mt Lebanon Ward 4 Dist 6,657,105,61,167
Mt Lebanon Ward 4 Dist 7,827,121,74,195
Mt Lebanon Ward 5 Dist 1,565,94,55,149
Mt Lebanon Ward 5 Dist 2,416,49,26,75
Mt Lebanon Ward 5 Dist 3,580,74,51,125
Mt Lebanon Ward 5 Dist 4,610,99,54,153
Mt Lebanon Ward 5 Dist 5,644,131,75,206
Mt Lebanon Ward 5 Dist 6,454,89,36,125
Mt Lebanon Ward 5 Dist 7,789,124,70,195
Mt Lebanon Ward 5 Dist 8,895,134,53,187
Mt Oliver Dist 1,669,31,37,69
Mt Oliver Dist 2,725,58,30,88
Mt Oliver Dist 3,478,17,30,47
Mt Oliver Dist 4,306,23,24,47
Munhall Dist 1,418,22,14,36
Munhall Dist 2,475,39,20,59
Munhall Dist 3,483,67,27,94
Munhall Dist 4,398,39,30,69
Munhall Dist 5,710,77,71,150
Munhall Dist 6,701,89,75,164
Munhall Dist 7,1118,121,135,257
Munhall Dist 8,622,91,86,177
Munhall Dist 9,681,70,56,126
Munhall Dist 10,511,63,78,142
Munhall Dist 11,911,106,118,224
Munhall Dist 12,555,82,78,160
Neville Ward 1,241,22,22,44
Neville Ward 2,192,18,13,31
Neville Ward 3,239,32,28,60
N Braddock Ward 1 Dist 1,219,33,43,76
N Braddock Ward 1 Dist 2,436,32,40,73
N Braddock Ward 1 Dist 3,455,39,30,69
N Braddock Ward 2 Dist 1,409,27,24,51
N Braddock Ward 2 Dist 2,520,59,55,115
N Braddock Ward 3 Dist 1,376,36,24,60
N Braddock Ward 3 Dist 2,434,38,16,54
N Fayette Dist 1,2136,147,145,292
N Fayette Dist 2,2427,153,133,286
N Fayette Dist 3,2342,162,151,314
N Fayette Dist 4,1132,66,50,116
N Fayette Dist 5,3000,210,143,353
N Versailles Ward 1 Dist 1,633,39,71,110
N Versailles Ward 1 Dist 2,611,56,78,134
N Versailles Ward 2 Dist 1,622,50,59,110
N Versailles Ward 2 Dist 2,200,20,14,34
N Versailles Ward 3 Dist 1,486,41,90,131
N Versailles Ward 3 Dist 2,597,54,73,127
N Versailles Ward 4 Dist 1,487,30,45,75
N Versailles Ward 4 Dist 2,384,22,35,58
N Versailles Ward 5 Dist 1,497,23,40,63
N Versailles Ward 5 Dist 2,368,20,25,45
N Versailles Ward 6 Dist 1,625,43,63,106
N Versailles Ward 6 Dist 2,528,40,73,113
N Versailles Ward 7,618,84,39,123
Oakdale Dist 1,596,57,41,98
Oakdale Dist 2,446,36,59,95
Oakmont Dist 1,842,106,95,201
Oakmont Dist 2,1040,92,124,217
Oakmont Dist 3,742,81,79,160
Oakmont Dist 4,850,58,90,148
Oakmont Dist 5,635,67,70,137
Oakmont Dist 6,1282,130,146,276
O'Hara Ward 1 Dist 1,1048,110,98,209
O'Hara Ward 1 Dist 2,613,43,77,120
O'Hara Ward 2 Dist 1,590,62,83,145
O'Hara Ward 2 Dist 2,900,84,100,185
O'Hara Ward 3 Dist 1,659,76,77,153
O'Hara Ward 3 Dist 2,569,38,65,103
O'Hara Ward 4 Dist 1,555,82,96,178
O'Hara Ward 4 Dist 2,755,117,129,246
O'Hara Ward 5 Dist 1,736,78,80,158
O'Hara Ward 5 Dist 2,886,106,108,215
Ohio Dist 1,1557,112,118,230
Ohio Dist 2,1793,224,163,387
Ohio Dist 3,2035,177,137,314
Glen Osborne,460,68,29,97
Penn Hills Ward 1 Dist 1,681,134,34,168
Penn Hills Ward 1 Dist 2,709,131,36,167
Penn Hills Ward 1 Dist 3,446,59,20,79
Penn Hills Ward 1 Dist 4,300,58,7,65
Penn Hills Ward 1 Dist 5,189,35,9,45
Penn Hills Ward 2 Dist 1,674,108,32,140
Penn Hills Ward 2 Dist 2,687,113,27,141
Penn Hills Ward 2 Dist 3,788,113,50,163
Penn Hills Ward 2 Dist 4,564,120,61,182
Penn Hills Ward 3 Dist 1,720,118,62,180
Penn Hills Ward 3 Dist 2,475,62,35,97
Penn Hills Ward 3 Dist 3,602,84,38,122
Penn Hills Ward 3 Dist 4,760,85,50,136
Penn Hills Ward 3 Dist 5,409,29,19,48
Penn Hills Ward 3 Dist 6,461,57,34,91
Penn Hills Ward 4 Dist 1,544,94,34,128
Penn Hills Ward 4 Dist 2,698,74,38,113
Penn Hills Ward 4 Dist 3,712,89,46,135
Penn Hills Ward 4 Dist 4,594,70,38,108
Penn Hills Ward 4 Dist 5,584,75,37,112
Penn Hills Ward 5 Dist 1,661,87,47,134
Penn Hills Ward 5 Dist 2,583,51,28,79
Penn Hills Ward 5 Dist 3,672,68,70,139
Penn Hills Ward 5 Dist 4,582,85,55,140
Penn Hills Ward 5 Dist 5,521,90,38,128
Penn Hills Ward 5 Dist 6,676,71,50,121
Penn Hills Ward 6 Dist 1,542,48,34,82
Penn Hills Ward 6 Dist 2,639,83,39,122
Penn Hills Ward 6 Dist 3,497,80,43,123
Penn Hills Ward 6 Dist 4,526,79,13,92
Penn Hills Ward 6 Dist 5,573,75,34,109
Penn Hills Ward 6 Dist 6,550,71,40,111
Penn Hills Ward 7 Dist 1,615,92,49,141
Penn Hills Ward 7 Dist 2,629,47,49,96
Penn Hills Ward 7 Dist 3,857,103,63,167
Penn Hills Ward 7 Dist 4,592,59,71,130
Penn Hills Ward 7 Dist 5,702,81,45,126
Penn Hills Ward 7 Dist 6,688,79,40,119
Penn Hills Ward 7 Dist 7,665,38,38,76
Penn Hills Ward 8 Dist 1,621,57,66,123
Penn Hills Ward 8 Dist 2,538,39,70,109
Penn Hills Ward 8 Dist 3,511,33,49,82
Penn Hills Ward 8 Dist 4,612,66,53,120
Penn Hills Ward 8 Dist 5,890,85,74,159
Penn Hills Ward 8 Dist 6,461,41,38,79
Penn Hills Ward 9 Dist 1,510,42,52,94
Penn Hills Ward 9 Dist 2,547,36,53,90
Penn Hills Ward 9 Dist 3,855,87,89,176
Penn Hills Ward 9 Dist 4,583,64,55,119
Penn Hills Ward 9 Dist 5,294,55,14,69
Pine Dist 1,1470,100,61,161
Pine Dist 2,2346,152,111,263
Pine Dist 3,450,35,28,64
Pine Dist 4,1429,101,83,184
Pine Dist 5,1902,95,79,174
Pine Dist 6,858,57,37,94
Pine Dist 7,1439,103,80,183
Pine Dist 8,1073,48,47,96
Pitcairn Dist 1,799,39,75,114
Pitcairn Dist 2,420,8,25,33
Pitcairn Dist 3,600,42,77,119
Pittsburgh Ward 1 Dist 1,2749,79,43,122
Pittsburgh Ward 1 Dist 2,538,81,14,95
Pittsburgh Ward 2 Dist 1,2379,183,125,308
Pittsburgh Ward 2 Dist 2,1880,175,76,251
Pittsburgh Ward 3 Dist 1,229,41,15,57
Pittsburgh Ward 3 Dist 2,588,147,47,195
Pittsburgh Ward 3 Dist 3,321,68,19,89
Pittsburgh Ward 3 Dist 4,492,37,15,52
Pittsburgh Ward 3 Dist 5,482,63,22,85
Pittsburgh Ward 4 Dist 1,189,7,3,10
Pittsburgh Ward 4 Dist 2,685,60,24,84
Pittsburgh Ward 4 Dist 3,283,43,13,56
Pittsburgh Ward 4 Dist 4,214,24,6,30
Pittsburgh Ward 4 Dist 5,858,19,18,37
Pittsburgh Ward 4 Dist 6,623,31,22,53
Pittsburgh Ward 4 Dist 7,1937,70,28,98
Pittsburgh Ward 4 Dist 8,2213,20,2,22
Pittsburgh Ward 4 Dist 9,894,105,56,161
Pittsburgh Ward 4 Dist 10,552,43,14,57
Pittsburgh Ward 4 Dist 11,571,146,74,220
Pittsburgh Ward 4 Dist 12,598,82,40,122
Pittsburgh Ward 4 Dist 13,545,51,22,73
Pittsburgh Ward 4 Dist 14,1243,20,11,31
Pittsburgh Ward 4 Dist 15,882,39,27,66
Pittsburgh Ward 4 Dist 16,1307,56,15,71
Pittsburgh Ward 4 Dist 17,613,67,35,102
Pittsburgh Ward 4 Dist 18,633,49,16,65
Pittsburgh Ward 4 Dist 19,266,12,5,17
Pittsburgh Ward 5 Dist 1,250,28,14,42
Pittsburgh Ward 5 Dist 2,353,49,15,64
Pittsburgh Ward 5 Dist 3,131,35,5,40
Pittsburgh Ward 5 Dist 4,237,40,6,46
Pittsburgh Ward 5 Dist 5,177,28,7,35
Pittsburgh Ward 5 Dist 6,484,49,7,58
Pittsburgh Ward 5 Dist 7,356,62,12,75
Pittsburgh Ward 5 Dist 8,390,76,19,95
Pittsburgh Ward 5 Dist 9,1012,97,35,132
Pittsburgh Ward 5 Dist 10,410,70,22,92
Pittsburgh Ward 5 Dist 11,339,41,14,55
Pittsburgh Ward 5 Dist 12,323,44,9,53
Pittsburgh Ward 5 Dist 13,236,36,15,51
Pittsburgh Ward 5 Dist 14,232,42,10,52
Pittsburgh Ward 5 Dist 15,243,21,4,25
Pittsburgh Ward 5 Dist 16,173,12,1,13
Pittsburgh Ward 5 Dist 17,254,29,9,38
Pittsburgh Ward 5 Dist 18,58,7,0,7
Pittsburgh Ward 6 Dist 1,1252,150,80,230
Pittsburgh Ward 6 Dist 2,574,105,35,141
Pittsburgh Ward 6 Dist 3,733,117,42,159
Pittsburgh Ward 6 Dist 4,528,118,66,185
Pittsburgh Ward 6 Dist 5,484,78,32,111
Pittsburgh Ward 7 Dist 1,650,73,44,117
Pittsburgh Ward 7 Dist 2,1042,178,68,246
Pittsburgh Ward 7 Dist 3,743,118,33,151
Pittsburgh Ward 7 Dist 4,1006,121,48,169
Pittsburgh Ward 7 Dist 5,759,73,31,104
Pittsburgh Ward 7 Dist 6,686,75,37,112
Pittsburgh Ward 7 Dist 7,754,98,48,146
Pittsburgh Ward 7 Dist 8,722,99,29,128
Pittsburgh Ward 7 Dist 9,728,120,30,150
Pittsburgh Ward 7 Dist 10,1035,159,53,214
Pittsburgh Ward 7 Dist 11,1142,167,55,223
Pittsburgh Ward 7 Dist 12,1104,153,75,228
Pittsburgh Ward 7 Dist 13,502,56,16,72
Pittsburgh Ward 7 Dist 14,444,60,37,97
Pittsburgh Ward 8 Dist 1,359,61,42,104
Pittsburgh Ward 8 Dist 2,617,113,70,184
Pittsburgh Ward 8 Dist 3,772,86,77,163
Pittsburgh Ward 8 Dist 4,766,79,34,113
Pittsburgh Ward 8 Dist 5,584,125,74,199
Pittsburgh Ward 8 Dist 6,413,77,34,111
Pittsburgh Ward 8 Dist 7,779,144,54,198
Pittsburgh Ward 8 Dist 8,613,141,39,180
Pittsburgh Ward 8 Dist 9,796,109,25,134
Pittsburgh Ward 8 Dist 10,636,103,47,150
Pittsburgh Ward 8 Dist 11,666,97,33,130
Pittsburgh Ward 8 Dist 12,577,131,34,165
Pittsburgh Ward 8 Dist 13,487,61,21,82
Pittsburgh Ward 9 Dist 1,592,74,42,116
Pittsburgh Ward 9 Dist 2,576,98,48,146
Pittsburgh Ward 9 Dist 3,618,111,48,159
Pittsburgh Ward 9 Dist 4,637,89,43,133
Pittsburgh Ward 9 Dist 5,602,102,79,181
Pittsburgh Ward 9 Dist 6,543,130,58,188
Pittsburgh Ward 9 Dist 7,389,80,31,111
Pittsburgh Ward 9 Dist 8,684,114,57,171
Pittsburgh Ward 9 Dist 9,574,93,34,127
Pittsburgh Ward 10 Dist 1,626,121,59,180
Pittsburgh Ward 10 Dist 2,671,137,49,186
Pittsburgh Ward 10 Dist 3,667,119,72,191
Pittsburgh Ward 10 Dist 4,524,146,95,243
Pittsburgh Ward 10 Dist 5,481,100,69,169
Pittsburgh Ward 10 Dist 6,469,96,71,167
Pittsburgh Ward 10 Dist 7,586,120,80,200
Pittsburgh Ward 10 Dist 8,587,137,109,246
Pittsburgh Ward 10 Dist 9,524,87,81,168
Pittsburgh Ward 10 Dist 10,579,148,109,258
Pittsburgh Ward 10 Dist 11,574,130,73,205
Pittsburgh Ward 10 Dist 12,481,145,43,188
Pittsburgh Ward 10 Dist 13,519,113,55,168
Pittsburgh Ward 10 Dist 14,545,152,42,195
Pittsburgh Ward 10 Dist 15,339,66,12,78
Pittsburgh Ward 10 Dist 16,304,47,11,58
Pittsburgh Ward 10 Dist 17,451,83,17,101
Pittsburgh Ward 10 Dist 18,512,96,31,127
Pittsburgh Ward 10 Dist 19,422,90,18,108
Pittsburgh Ward 11 Dist 1,602,133,38,171
Pittsburgh Ward 11 Dist 2,495,99,27,126
Pittsburgh Ward 11 Dist 3,395,63,20,84
Pittsburgh Ward 11 Dist 4,450,93,11,104
Pittsburgh Ward 11 Dist 5,511,93,26,119
Pittsburgh Ward 11 Dist 6,791,158,44,202
Pittsburgh Ward 11 Dist 7,647,153,69,223
Pittsburgh Ward 11 Dist 8,533,120,36,156
Pittsburgh Ward 11 Dist 9,631,162,44,206
Pittsburgh Ward 11 Dist 10,566,188,96,284
Pittsburgh Ward 11 Dist 11,617,152,39,192
Pittsburgh Ward 11 Dist 12,650,163,79,243
Pittsburgh Ward 11 Dist 13,685,216,65,281
Pittsburgh Ward 11 Dist 14,585,90,24,115
Pittsburgh Ward 11 Dist 15,396,36,16,52
Pittsburgh Ward 11 Dist 16,575,79,32,111
Pittsburgh Ward 11 Dist 17,638,122,31,153
Pittsburgh Ward 11 Dist 18,563,72,21,93
Pittsburgh Ward 12 Dist 1,177,15,10,26
Pittsburgh Ward 12 Dist 2,279,21,10,32
Pittsburgh Ward 12 Dist 3,163,24,4,28
Pittsburgh Ward 12 Dist 4,305,41,8,49
Pittsburgh Ward 12 Dist 5,132,13,2,15
Pittsburgh Ward 12 Dist 6,177,29,6,35
Pittsburgh Ward 12 Dist 7,287,30,9,39
Pittsburgh Ward 12 Dist 8,181,26,11,38
Pittsburgh Ward 12 Dist 9,266,33,12,45
Pittsburgh Ward 12 Dist 10,369,79,24,103
Pittsburgh Ward 12 Dist 11,409,66,22,90
Pittsburgh Ward 12 Dist 12,599,87,30,118
Pittsburgh Ward 12 Dist 13,336,67,17,84
Pittsburgh Ward 12 Dist 14,258,50,12,62
Pittsburgh Ward 12 Dist 15,500,112,22,135
Pittsburgh Ward 12 Dist 16,258,68,17,85
Pittsburgh Ward 13 Dist 1,325,47,17,65
Pittsburgh Ward 13 Dist 2,322,48,18,67
Pittsburgh Ward 13 Dist 3,264,42,8,50
Pittsburgh Ward 13 Dist 4,267,32,8,41
Pittsburgh Ward 13 Dist 5,269,42,9,52
Pittsburgh Ward 13 Dist 6,311,52,12,65
Pittsburgh Ward 13 Dist 7,314,46,9,56
Pittsburgh Ward 13 Dist 8,265,50,3,53
Pittsburgh Ward 13 Dist 9,257,28,7,35
Pittsburgh Ward 13 Dist 10,173,17,5,22
Pittsburgh Ward 13 Dist 11,343,31,6,37
Pittsburgh Ward 13 Dist 12,354,58,21,79
Pittsburgh Ward 13 Dist 13,243,26,8,34
Pittsburgh Ward 13 Dist 14,212,38,7,45
Pittsburgh Ward 13 Dist 15,252,53,11,64
Pittsburgh Ward 13 Dist 16,246,38,8,47
Pittsburgh Ward 13 Dist 17,718,82,21,103
Pittsburgh Ward 13 Dist 18,235,6,2,8
Pittsburgh Ward 13 Dist 19,458,120,25,145
Pittsburgh Ward 14 Dist 1,772,66,37,103
Pittsburgh Ward 14 Dist 2,1157,64,44,108
Pittsburgh Ward 14 Dist 3,924,213,71,284
Pittsburgh Ward 14 Dist 4,741,208,65,273
Pittsburgh Ward 14 Dist 5,772,195,78,273
Pittsburgh Ward 14 Dist 6,543,80,43,123
Pittsburgh Ward 14 Dist 7,2713,56,33,89
Pittsburgh Ward 14 Dist 8,809,158,64,223
Pittsburgh Ward 14 Dist 9,735,214,90,304
Pittsburgh Ward 14 Dist 10,702,191,67,258
Pittsburgh Ward 14 Dist 11,795,232,64,296
Pittsburgh Ward 14 Dist 12,787,156,30,187
Pittsburgh Ward 14 Dist 13,739,232,47,279
Pittsburgh Ward 14 Dist 14,840,222,67,289
Pittsburgh Ward 14 Dist 15,717,180,34,214
Pittsburgh Ward 14 Dist 16,458,119,54,173
Pittsburgh Ward 14 Dist 17,461,162,34,197
Pittsburgh Ward 14 Dist 18,698,204,55,259
Pittsburgh Ward 14 Dist 19,603,200,82,282
Pittsburgh Ward 14 Dist 20,572,162,47,209
Pittsburgh Ward 14 Dist 21,565,185,64,249
Pittsburgh Ward 14 Dist 22,677,205,42,247
Pittsburgh Ward 14 Dist 23,698,199,60,259
Pittsburgh Ward 14 Dist 24,492,128,51,179
Pittsburgh Ward 14 Dist 25,945,225,110,335
Pittsburgh Ward 14 Dist 26,588,157,60,217
Pittsburgh Ward 14 Dist 27,528,152,63,215
Pittsburgh Ward 14 Dist 28,530,114,74,188
Pittsburgh Ward 14 Dist 29,775,183,57,240
Pittsburgh Ward 14 Dist 30,652,178,64,242
Pittsburgh Ward 14 Dist 31,1157,265,154,419
Pittsburgh Ward 14 Dist 32,729,127,33,160
Pittsburgh Ward 14 Dist 33,785,125,50,175
Pittsburgh Ward 14 Dist 34,827,139,49,190
Pittsburgh Ward 14 Dist 35,602,130,75,205
Pittsburgh Ward 14 Dist 36,758,149,38,187
Pittsburgh Ward 14 Dist 37,586,81,45,128
Pittsburgh Ward 14 Dist 38,563,129,52,181
Pittsburgh Ward 14 Dist 39,609,129,43,172
Pittsburgh Ward 14 Dist 40,584,84,32,116
Pittsburgh Ward 14 Dist 41,75,11,9,20
Pittsburgh Ward 15 Dist 1,573,91,57,149
Pittsburgh Ward 15 Dist 2,678,112,61,173
Pittsburgh Ward 15 Dist 3,595,119,49,168
Pittsburgh Ward 15 Dist 4,616,137,64,201
Pittsburgh Ward 15 Dist 5,500,93,49,142
Pittsburgh Ward 15 Dist 6,494,125,63,188
Pittsburgh Ward 15 Dist 7,674,128,93,221
Pittsburgh Ward 15 Dist 8,560,113,58,171
Pittsburgh Ward 15 Dist 9,153,28,21,49
Pittsburgh Ward 15 Dist 10,573,110,84,194
Pittsburgh Ward 15 Dist 11,527,83,70,153
Pittsburgh Ward 15 Dist 12,447,78,62,140
Pittsburgh Ward 15 Dist 13,427,51,23,74
Pittsburgh Ward 15 Dist 14,267,21,20,41
Pittsburgh Ward 15 Dist 15,319,16,18,34
Pittsburgh Ward 15 Dist 16,486,64,38,102
Pittsburgh Ward 15 Dist 17,22,2,4,6
Pittsburgh Ward 15 Dist 18,505,51,29,80
Pittsburgh Ward 15 Dist 19,410,42,23,65
Pittsburgh Ward 16 Dist 1,905,112,55,168
Pittsburgh Ward 16 Dist 2,1164,98,69,167
Pittsburgh Ward 16 Dist 3,956,95,58,153
Pittsburgh Ward 16 Dist 4,370,44,21,65
Pittsburgh Ward 16 Dist 5,605,67,43,110
Pittsburgh Ward 16 Dist 6,464,47,46,94
Pittsburgh Ward 16 Dist 7,400,27,44,71
Pittsburgh Ward 16 Dist 8,160,7,5,12
Pittsburgh Ward 16 Dist 9,430,47,33,80
Pittsburgh Ward 16 Dist 10,335,27,43,70
Pittsburgh Ward 16 Dist 11,349,32,31,63
Pittsburgh Ward 17 Dist 1,305,18,7,25
Pittsburgh Ward 17 Dist 2,778,74,52,126
Pittsburgh Ward 17 Dist 3,559,76,35,111
Pittsburgh Ward 17 Dist 4,797,101,65,166
Pittsburgh Ward 17 Dist 5,559,56,50,106
Pittsburgh Ward 17 Dist 6,407,27,25,53
Pittsburgh Ward 17 Dist 7,379,44,38,83
Pittsburgh Ward 17 Dist 8,432,55,31,86
Pittsburgh Ward 18 Dist 1,543,72,84,156
Pittsburgh Ward 18 Dist 2,350,74,16,90
Pittsburgh Ward 18 Dist 3,317,55,9,64
Pittsburgh Ward 18 Dist 4,421,67,22,89
Pittsburgh Ward 18 Dist 5,895,107,57,164
Pittsburgh Ward 18 Dist 6,347,29,22,52
Pittsburgh Ward 18 Dist 7,429,43,15,58
Pittsburgh Ward 18 Dist 8,246,14,14,28
Pittsburgh Ward 18 Dist 9,637,45,42,87
Pittsburgh Ward 18 Dist 10,57,5,2,7
Pittsburgh Ward 18 Dist 11,484,33,22,55
Pittsburgh Ward 19 Dist 1,500,63,74,137
Pittsburgh Ward 19 Dist 2,664,70,59,129
Pittsburgh Ward 19 Dist 3,490,58,59,117
Pittsburgh Ward 19 Dist 4,370,57,49,106
Pittsburgh Ward 19 Dist 5,389,29,30,59
Pittsburgh Ward 19 Dist 6,482,52,35,87
Pittsburgh Ward 19 Dist 7,203,22,6,29
Pittsburgh Ward 19 Dist 8,563,50,29,79
Pittsburgh Ward 19 Dist 9,520,31,46,77
Pittsburgh Ward 19 Dist 10,644,39,55,94
Pittsburgh Ward 19 Dist 11,423,23,30,53
Pittsburgh Ward 19 Dist 12,389,59,77,136
Pittsburgh Ward 19 Dist 13,467,38,19,57
Pittsburgh Ward 19 Dist 14,521,36,44,81
Pittsburgh Ward 19 Dist 15,610,67,50,117
Pittsburgh Ward 19 Dist 16,578,70,43,114
Pittsburgh Ward 19 Dist 17,544,81,52,133
Pittsburgh Ward 19 Dist 18,420,48,48,96
Pittsburgh Ward 19 Dist 19,477,57,40,97
Pittsburgh Ward 19 Dist 20,492,45,65,110
Pittsburgh Ward 19 Dist 21,619,75,61,137
Pittsburgh Ward 19 Dist 22,525,53,66,119
Pittsburgh Ward 19 Dist 23,577,50,50,100
Pittsburgh Ward 19 Dist 24,464,43,53,96
Pittsburgh Ward 19 Dist 25,520,73,68,141
Pittsburgh Ward 19 Dist 26,434,68,46,114
Pittsburgh Ward 19 Dist 27,434,41,59,100
Pittsburgh Ward 19 Dist 28,626,139,85,224
Pittsburgh Ward 19 Dist 29,471,60,38,98
Pittsburgh Ward 19 Dist 30,511,67,61,128
Pittsburgh Ward 19 Dist 31,454,63,53,116
Pittsburgh Ward 19 Dist 32,519,80,50,130
Pittsburgh Ward 19 Dist 33,460,36,66,102
Pittsburgh Ward 19 Dist 34,513,69,58,127
Pittsburgh Ward 19 Dist 35,488,53,55,108
Pittsburgh Ward 19 Dist 36,616,64,88,152
Pittsburgh Ward 19 Dist 37,424,45,48,93
Pittsburgh Ward 19 Dist 38,523,62,51,113
Pittsburgh Ward 20 Dist 1,592,44,96,140
Pittsburgh Ward 20 Dist 2,209,14,23,37
Pittsburgh Ward 20 Dist 3,668,60,86,146
Pittsburgh Ward 20 Dist 4,73,12,9,21
Pittsburgh Ward 20 Dist 5,515,56,41,97
Pittsburgh Ward 20 Dist 6,488,37,32,69
Pittsburgh Ward 20 Dist 7,600,47,34,81
Pittsburgh Ward 20 Dist 8,668,74,40,114
Pittsburgh Ward 20 Dist 9,194,11,15,26
Pittsburgh Ward 20 Dist 10,556,38,44,82
Pittsburgh Ward 20 Dist 11,599,40,29,69
Pittsburgh Ward 20 Dist 12,854,101,56,157
Pittsburgh Ward 20 Dist 13,383,66,19,85
Pittsburgh Ward 20 Dist 14,821,105,68,173
Pittsburgh Ward 20 Dist 15,866,60,55,115
Pittsburgh Ward 20 Dist 16,596,42,87,129
Pittsburgh Ward 20 Dist 17,401,40,82,122
Pittsburgh Ward 20 Dist 18,465,37,73,110
Pittsburgh Ward 21 Dist 1,478,68,20,88
Pittsburgh Ward 21 Dist 2,448,79,25,105
Pittsburgh Ward 21 Dist 3,556,115,24,139
Pittsburgh Ward 21 Dist 4,517,91,21,112
Pittsburgh Ward 22 Dist 1,710,139,49,188
Pittsburgh Ward 22 Dist 2,637,141,40,182
Pittsburgh Ward 22 Dist 3,642,126,41,167
Pittsburgh Ward 22 Dist 4,907,63,19,82
Pittsburgh Ward 23 Dist 1,1186,114,63,177
Pittsburgh Ward 23 Dist 2,728,124,48,172
Pittsburgh Ward 23 Dist 3,347,37,23,60
Pittsburgh Ward 24 Dist 1,373,59,34,95
Pittsburgh Ward 24 Dist 2,402,49,52,101
Pittsburgh Ward 24 Dist 3,295,30,37,67
Pittsburgh Ward 24 Dist 4,529,81,75,156
Pittsburgh Ward 24 Dist 5,463,56,50,106
Pittsburgh Ward 24 Dist 6,517,76,51,127
Pittsburgh Ward 25 Dist 1,403,86,28,115
Pittsburgh Ward 25 Dist 2,411,75,23,98
Pittsburgh Ward 25 Dist 3,536,91,21,112
Pittsburgh Ward 25 Dist 4,253,34,9,43
Pittsburgh Ward 25 Dist 5,349,50,16,66
Pittsburgh Ward 25 Dist 6,340,38,13,51
Pittsburgh Ward 25 Dist 7,370,61,22,83
Pittsburgh Ward 26 Dist 1,479,68,18,87
Pittsburgh Ward 26 Dist 2,370,59,14,73
Pittsburgh Ward 26 Dist 3,392,69,19,88
Pittsburgh Ward 26 Dist 4,370,45,10,55
Pittsburgh Ward 26 Dist 5,431,19,6,25
Pittsburgh Ward 26 Dist 6,343,20,4,24
Pittsburgh Ward 26 Dist 7,246,42,12,54
Pittsburgh Ward 26 Dist 8,528,28,28,56
Pittsburgh Ward 26 Dist 9,344,54,39,93
Pittsburgh Ward 26 Dist 10,604,119,36,155
Pittsburgh Ward 26 Dist 11,649,128,42,170
Pittsburgh Ward 26 Dist 12,435,58,31,89
Pittsburgh Ward 26 Dist 13,539,71,42,113
Pittsburgh Ward 26 Dist 14,565,75,82,157
Pittsburgh Ward 26 Dist 15,477,45,52,97
Pittsburgh Ward 26 Dist 16,669,95,63,159
Pittsburgh Ward 26 Dist 17,184,14,29,43
Pittsburgh Ward 27 Dist 1,782,149,83,232
Pittsburgh Ward 27 Dist 2,656,101,91,192
Pittsburgh Ward 27 Dist 3,533,87,50,137
Pittsburgh Ward 27 Dist 4,768,106,66,172
Pittsburgh Ward 27 Dist 5,687,130,88,218
Pittsburgh Ward 27 Dist 6,720,79,50,129
Pittsburgh Ward 27 Dist 7,572,118,75,196
Pittsburgh Ward 27 Dist 8,553,78,48,126
Pittsburgh Ward 27 Dist 9,537,47,42,89
Pittsburgh Ward 27 Dist 10,602,74,33,108
Pittsburgh Ward 27 Dist 11,578,63,26,90
Pittsburgh Ward 27 Dist 12,538,48,36,85
Pittsburgh Ward 27 Dist 13,504,68,37,105
Pittsburgh Ward 28 Dist 1,614,54,69,123
Pittsburgh Ward 28 Dist 2,482,40,37,77
Pittsburgh Ward 28 Dist 3,865,90,96,186
Pittsburgh Ward 28 Dist 4,612,61,79,141
Pittsburgh Ward 28 Dist 5,635,69,44,113
Pittsburgh Ward 28 Dist 6,517,61,69,130
Pittsburgh Ward 28 Dist 7,570,37,32,69
Pittsburgh Ward 28 Dist 8,849,110,121,232
Pittsburgh Ward 28 Dist 9,587,102,39,141
Pittsburgh Ward 28 Dist 10,528,24,11,35
Pittsburgh Ward 28 Dist 11,120,19,9,28
Pittsburgh Ward 29 Dist 1,585,17,48,65
Pittsburgh Ward 29 Dist 2,497,56,55,111
Pittsburgh Ward 29 Dist 3,480,35,51,86
Pittsburgh Ward 29 Dist 4,481,25,53,78
Pittsburgh Ward 29 Dist 5,506,27,44,71
Pittsburgh Ward 29 Dist 6,601,48,55,103
Pittsburgh Ward 29 Dist 7,642,64,71,135
Pittsburgh Ward 29 Dist 8,509,35,26,61
Pittsburgh Ward 29 Dist 9,415,29,25,54
Pittsburgh Ward 29 Dist 10,501,39,67,106
Pittsburgh Ward 29 Dist 11,624,43,68,111
Pittsburgh Ward 29 Dist 12,532,29,46,76
Pittsburgh Ward 30 Dist 1,361,40,14,54
Pittsburgh Ward 30 Dist 2,341,47,20,67
Pittsburgh Ward 30 Dist 3,322,17,9,26
Pittsburgh Ward 30 Dist 4,567,50,28,78
Pittsburgh Ward 30 Dist 5,605,34,31,65
Pittsburgh Ward 31 Dist 1,213,14,20,34
Pittsburgh Ward 31 Dist 2,446,33,75,108
Pittsburgh Ward 31 Dist 3,499,50,56,106
Pittsburgh Ward 31 Dist 4,549,42,50,93
Pittsburgh Ward 31 Dist 5,665,64,100,165
Pittsburgh Ward 31 Dist 6,531,51,51,103
Pittsburgh Ward 31 Dist 7,127,24,9,33
Pittsburgh Ward 32 Dist 1,471,42,45,87
Pittsburgh Ward 32 Dist 2,617,40,59,99
Pittsburgh Ward 32 Dist 3,529,51,56,107
Pittsburgh Ward 32 Dist 4,322,26,28,54
Pittsburgh Ward 32 Dist 5,539,60,67,127
Pittsburgh Ward 32 Dist 6,590,39,72,112
Pittsburgh Ward 32 Dist 7,557,61,71,132
Pittsburgh Ward 32 Dist 8,635,63,88,151
Pleasant Hl Dist 1,693,44,57,101
Pleasant Hl Dist 2,549,31,55,86
Pleasant Hl Dist 3,564,67,49,116
Pleasant Hl Dist 4,517,40,55,95
Pleasant Hl Dist 5,660,56,84,141
Pleasant Hl Dist 6,981,55,102,157
Pleasant Hl Dist 7,522,41,50,91
Pleasant Hl Dist 8,518,43,36,79
Pleasant Hl Dist 9,639,51,72,124
Pleasant Hl Dist 10,495,33,48,81
Plum Dist 1,1739,105,138,243
Plum Dist 2,617,28,49,77
Plum Dist 3,1004,101,105,206
Plum Dist 4,826,64,73,137
Plum Dist 5,849,59,99,158
Plum Dist 6,1258,73,121,195
Plum Dist 7,1205,81,104,185
Plum Dist 8,573,43,50,93
Plum Dist 9,1110,101,149,250
Plum Dist 10,575,26,50,76
Plum Dist 11,803,43,80,123
Plum Dist 12,1123,94,124,218
Plum Dist 13,563,30,57,87
Plum Dist 14,700,38,52,90
Plum Dist 15,802,46,35,81
Plum Dist 16,590,46,53,99
Plum Dist 17,647,29,68,98
Plum Dist 18,815,61,82,143
Plum Dist 19,2056,121,171,292
Plum Dist 20,960,50,91,141
Plum Dist 21,421,15,31,46
Port Vue Dist 1,544,34,29,64
Port Vue Dist 2,507,23,53,77
Port Vue Dist 3,502,44,64,108
Port Vue Dist 4,670,48,51,99
Rankin Ward 1,317,42,24,66
Rankin Ward 2,377,61,30,91
Rankin Ward 3,385,34,23,58
Reserve Ward 1,506,68,60,128
Reserve Ward 2,543,55,59,114
Reserve Ward 3,518,41,55,97
Reserve Ward 4,808,82,115,197
Richland Dist 1,1178,83,80,163
Richland Dist 2,1179,63,78,141
Richland Dist 3,1131,63,72,135
Richland Dist 4,1130,79,69,148
Richland Dist 5,1032,61,68,129
Richland Dist 6,1113,66,80,146
Richland Dist 7,1144,74,78,152
Richland Dist 8,942,67,84,151
Robinson Dist 1,1627,152,194,346
Robinson Dist 2,1245,135,168,303
Robinson Dist 3,677,84,81,166
Robinson Dist 4,965,104,106,210
Robinson Dist 5,591,97,123,220
Robinson Dist 6,844,58,72,130
Robinson Dist 7,1354,148,201,350
Robinson Dist 8,1712,132,129,261
Robinson Dist 9,2434,272,240,513
Ross Ward 1 Dist 1,719,49,93,142
Ross Ward 1 Dist 2,608,85,63,148
Ross Ward 1 Dist 3,486,31,62,93
Ross Ward 1 Dist 4,815,68,84,152
Ross Ward 2 Dist 1,1223,97,97,195
Ross Ward 2 Dist 2,891,93,93,186
Ross Ward 2 Dist 3,679,74,58,132
Ross Ward 3 Dist 1,653,54,72,126
Ross Ward 3 Dist 2,699,89,58,147
Ross Ward 3 Dist 3,556,35,46,81
Ross Ward 3 Dist 4,654,55,68,123
Ross Ward 4 Dist 1,832,96,84,180
Ross Ward 4 Dist 2,1051,87,83,170
Ross Ward 4 Dist 3,700,67,71,138
Ross Ward 4 Dist 4,771,66,62,128
Ross Ward 5 Dist 1,600,56,53,109
Ross Ward 5 Dist 2,411,42,39,81
Ross Ward 5 Dist 3,756,75,61,136
Ross Ward 5 Dist 4,734,60,97,157
Ross Ward 6 Dist 1,479,70,32,102
Ross Ward 6 Dist 2,956,107,83,190
Ross Ward 6 Dist 3,647,68,50,118
Ross Ward 6 Dist 4,582,62,67,129
Ross Ward 7 Dist 1,570,51,63,114
Ross Ward 7 Dist 2,583,49,38,87
Ross Ward 7 Dist 3,704,77,99,176
Ross Ward 7 Dist 4,583,51,54,105
Ross Ward 8 Dist 1,1525,135,147,282
Ross Ward 8 Dist 2,480,39,59,98
Ross Ward 8 Dist 3,541,66,55,121
Ross Ward 9 Dist 1,796,67,85,152
Ross Ward 9 Dist 2,933,81,84,165
Ross Ward 9 Dist 3,742,74,81,155
Rosslyn Farms,408,57,41,98
Scott Ward 1 Dist 1,562,34,41,75
Scott Ward 1 Dist 2,623,36,42,78
Scott Ward 2 Dist 1,452,46,59,105
Scott Ward 2 Dist 2,633,60,82,142
Scott Ward 3 Dist 1,511,56,46,102
Scott Ward 3 Dist 2,671,51,67,118
Scott Ward 4 Dist 1,740,75,91,166
Scott Ward 4 Dist 2,602,49,77,126
Scott Ward 5 Dist 1,588,44,47,91
Scott Ward 5 Dist 2,698,54,104,158
Scott Ward 6 Dist 1,610,63,43,106
Scott Ward 6 Dist 2,791,79,84,163
Scott Ward 7 Dist 1,889,87,101,188
Scott Ward 7 Dist 2,623,74,81,155
Scott Ward 8 Dist 1,502,45,55,101
Scott Ward 8 Dist 2,1039,113,111,224
Scott Ward 9 Dist 1,318,17,25,42
Scott Ward 9 Dist 2,329,18,40,58
Sewickley Ward 1,934,130,48,178
Sewickley Ward 2 Dist 1,515,64,30,94
Sewickley Ward 2 Dist 2,555,79,40,119
Sewickley Ward 3,1008,135,58,193
Sewickley Hts,741,48,32,80
Sewickley Hills,565,58,49,107
Shaler Ward 1 Dist 1,515,32,79,111
Shaler Ward 1 Dist 2,501,43,50,93
Shaler Ward 1 Dist 3,552,36,58,94
Shaler Ward 1 Dist 4,580,65,92,157
Shaler Ward 1 Dist 5,621,39,69,108
Shaler Ward 2 Dist 1,1018,73,117,190
Shaler Ward 2 Dist 2,752,62,71,134
Shaler Ward 2 Dist 3,588,54,58,113
Shaler Ward 2 Dist 4,751,53,85,138
Shaler Ward 2 Dist 5,358,25,43,68
Shaler Ward 3 Dist 1,590,45,87,132
Shaler Ward 3 Dist 2,580,50,77,127
Shaler Ward 3 Dist 3,575,33,66,99
Shaler Ward 3 Dist 4,712,61,85,147
Shaler Ward 3 Dist 5,639,62,72,134
Shaler Ward 4 Dist 1,803,68,94,162
Shaler Ward 4 Dist 2,445,39,34,73
Shaler Ward 4 Dist 3,622,73,53,126
Shaler Ward 4 Dist 4,629,32,77,109
Shaler Ward 4 Dist 5,490,50,68,118
Shaler Ward 5 Dist 1,731,56,66,122
Shaler Ward 5 Dist 2,654,70,73,143
Shaler Ward 5 Dist 3,542,54,63,117
Shaler Ward 5 Dist 4,356,28,32,60
Shaler Ward 5 Dist 5,763,50,84,134
Shaler Ward 6 Dist 1,618,43,75,118
Shaler Ward 6 Dist 2,700,39,81,120
Shaler Ward 6 Dist 3,544,47,49,97
Shaler Ward 6 Dist 4,326,36,48,84
Shaler Ward 6 Dist 5,536,56,73,129
Shaler Ward 7 Dist 1,570,45,88,133
Shaler Ward 7 Dist 2,744,59,73,132
Shaler Ward 7 Dist 3,610,49,58,107
Shaler Ward 7 Dist 4,985,66,122,188
Sharpsburg Dist 1,564,40,75,115
Sharpsburg Dist 2,794,68,91,160
Sharpsburg Dist 3,811,56,91,147
S Fayette Dist 1,566,51,63,114
S Fayette Dist 2,1123,89,89,178
S Fayette Dist 3,1841,156,92,248
S Fayette Dist 4,842,86,59,145
S Fayette Dist 5,988,72,61,133
S Fayette Dist 6,1238,82,93,175
S Fayette Dist 7,679,54,60,114
S Fayette Dist 8,1524,138,127,266
S Fayette Dist 9,643,48,49,97
S Fayette Dist 10,746,55,60,115
S Fayette Dist 11,1064,69,88,157
S Fayette Dist 12,867,82,64,146
South Park Dist 1,749,52,59,111
South Park Dist 2,753,48,76,124
South Park Dist 3,660,48,37,85
South Park Dist 4,847,58,57,115
South Park Dist 5,716,61,88,149
South Park Dist 6,881,85,73,158
South Park Dist 7,1077,96,106,203
South Park Dist 8,503,52,58,110
South Park Dist 9,825,80,67,147
South Park Dist 10,847,55,86,141
South Park Dist 11,551,39,35,74
South Park Dist 12,574,44,68,112
South Park Dist 13,1061,73,86,159
S Versailles,216,13,16,29
Springdale Br Dist 1,648,38,92,130
Springdale Br Dist 2,572,31,86,117
Springdale Br Dist 3,521,38,64,102
Springdale Br Dist 4,443,32,51,83
Springdale Twp,1141,87,163,250
Stowe Ward 1,417,26,41,67
Stowe Ward 2 Dist 1,163,8,12,20
Stowe Ward 2 Dist 2,631,56,51,107
Stowe Ward 3,336,22,47,69
Stowe Ward 4 Dist 1,328,43,41,84
Stowe Ward 4 Dist 2,360,43,69,112
Stowe Ward 5,423,33,37,70
Stowe Ward 6,410,29,23,52
Stowe Ward 7,269,11,11,22
Stowe Ward 8,355,20,14,34
Stowe Ward 9,280,21,20,41
Swissvale Dist 1,803,94,51,145
Swissvale Dist 2,690,117,34,151
Swissvale Dist 3,622,97,31,128
Swissvale Dist 4,572,107,25,132
Swissvale Dist 5,718,101,60,161
Swissvale Dist 6,365,44,27,71
Swissvale Dist 7,639,126,67,193
Swissvale Dist 8,692,122,55,177
Swissvale Dist 9,653,126,61,188
Swissvale Dist 10,233,37,6,43
Swissvale Dist 11,681,180,69,249
Tarentum Ward 1 Dist 1,626,36,36,72
Tarentum Ward 1 Dist 2,450,39,28,67
Tarentum Ward 2,508,30,42,73
Tarentum Ward 3 Dist 1,276,7,17,24
Tarentum Ward 3 Dist 2,564,27,42,69
Thornburg,392,55,52,107
Pennsbury Vill,564,56,58,114
Trafford,54,4,4,8
Turtle Creek Ward 1 Dist 1,784,49,81,130
Turtle Creek Ward 1 Dist 2,414,25,15,40
Turtle Creek Ward 2 Dist 1,662,52,47,99
Turtle Creek Ward 2 Dist 2,285,24,16,40
Turtle Creek Ward 3 Dist 1,535,39,28,67
Turtle Creek Ward 3 Dist 2,436,31,58,89
Up St Clair Ward 1 Dist 1,708,81,47,128
Up St Clair Ward 1 Dist 2,804,74,54,128
Up St Clair Ward 1 Dist 3,1130,84,76,160
Up St Clair Ward 1 Dist 4,791,83,50,134
Up St Clair Ward 2 Dist 1,993,80,53,133
Up St Clair Ward 2 Dist 2,678,53,49,102
Up St Clair Ward 2 Dist 3,1026,95,71,166
Up St Clair Ward 2 Dist 4,518,56,33,89
Up St Clair Ward 3 Dist 1,980,101,61,163
Up St Clair Ward 3 Dist 2,835,56,60,116
Up St Clair Ward 3 Dist 3,1152,115,63,178
Up St Clair Ward 4 Dist 1,996,91,67,158
Up St Clair Ward 4 Dist 2,742,65,52,117
Up St Clair Ward 4 Dist 3,618,74,31,105
Up St Clair Ward 4 Dist 4,1067,80,52,132
Up St Clair Ward 5 Dist 1,1308,116,74,190
Up St Clair Ward 5 Dist 2,804,76,54,130
Up St Clair Ward 5 Dist 3,874,59,64,123
Verona Dist 1,499,39,49,88
Verona Dist 2,550,56,54,110
Verona Dist 3,564,49,70,119
Versailles Dist 1,516,35,47,83
Versailles Dist 2,433,28,49,77
Wall,290,14,37,51
West Deer Dist 1,1460,87,116,203
West Deer Dist 2,609,24,56,80
West Deer Dist 3,795,46,52,98
West Deer Dist 4,808,57,91,148
West Deer Dist 5,859,32,68,100
West Deer Dist 6,757,45,77,122
West Deer Dist 7,1754,109,169,279
West Deer Dist 8,1534,101,199,300
W Elizabeth,236,5,21,26
W Homestead Dist 1,394,39,17,56
W Homestead Dist 2,456,60,96,156
W Homestead Dist 3,500,52,89,142
West Mifflin Dist 1,676,56,90,147
West Mifflin Dist 2,443,71,30,101
West Mifflin Dist 3,465,65,38,103
West Mifflin Dist 4,399,33,14,47
West Mifflin Dist 5,824,96,136,232
West Mifflin Dist 6,312,24,47,71
West Mifflin Dist 7,733,87,78,165
West Mifflin Dist 8,556,47,55,102
West Mifflin Dist 9,754,83,107,190
West Mifflin Dist 10,501,38,53,91
West Mifflin Dist 11,760,61,64,125
West Mifflin Dist 12,966,75,89,164
West Mifflin Dist 13,529,61,46,107
West Mifflin Dist 14,873,92,128,221
West Mifflin Dist 15,571,63,60,123
West Mifflin Dist 16,1120,103,167,270
West Mifflin Dist 17,564,57,66,124
West Mifflin Dist 18,787,87,95,182
West Mifflin Dist 19,626,64,69,133
West Mifflin Dist 20,444,59,90,149
West Mifflin Dist 21,670,62,74,136
West View Dist 1,635,67,45,112
West View Dist 2,705,71,48,119
West View Dist 3,561,43,59,102
West View Dist 4,568,54,51,106
West View Dist 5,770,75,86,161
West View Dist 6,712,71,58,129
West View Dist 7,627,93,70,163
Whitaker Dist 1,413,53,39,92
Whitaker Dist 2,329,35,39,74
Whitehall Dist 1,526,63,72,135
Whitehall Dist 2,589,52,66,118
Whitehall Dist 3,727,71,73,145
Whitehall Dist 4,642,74,70,144
Whitehall Dist 5,681,57,84,141
Whitehall Dist 6,943,41,35,76
Whitehall Dist 7,450,58,70,128
Whitehall Dist 8,785,65,108,173
Whitehall Dist 9,567,46,51,97
Whitehall Dist 10,611,53,66,120
Whitehall Dist 11,619,51,70,121
Whitehall Dist 12,573,48,61,109
Whitehall Dist 13,643,74,83,157
Whitehall Dist 14,589,50,74,124
Whitehall Dist 15,990,107,126,233
Whitehall Dist 16,604,62,73,135
White Oak Dist 1,697,47,73,120
White Oak Dist 2,785,51,84,135
White Oak Dist 3,862,84,82,166
White Oak Dist 4,711,74,100,174
White Oak Dist 5,791,71,102,173
White Oak Dist 6,712,49,70,119
White Oak Dist 7,1041,69,96,165
Wilkins Ward 1 Dist 1,746,69,55,124
Wilkins Ward 1 Dist 2,641,95,74,169
Wilkins Ward 1 Dist 3,830,125,79,204
Wilkins Ward 1 Dist 4,627,72,67,139
Wilkins Ward 1 Dist 5,452,70,35,105
Wilkins Ward 2 Dist 1,622,55,59,114
Wilkins Ward 2 Dist 2,897,100,91,191
Wilkinsburg Ward 1 Dist 1,863,119,31,152
Wilkinsburg Ward 1 Dist 2,662,68,20,88
Wilkinsburg Ward 1 Dist 3,395,47,17,64
Wilkinsburg Ward 1 Dist 4,593,148,36,186
Wilkinsburg Ward 1 Dist 5,525,109,33,142
Wilkinsburg Ward 1 Dist 6,909,129,31,160
Wilkinsburg Ward 2 Dist 1,705,102,36,138
Wilkinsburg Ward 2 Dist 2,977,187,78,265
Wilkinsburg Ward 2 Dist 3,703,78,21,99
Wilkinsburg Ward 2 Dist 4,485,33,15,48
Wilkinsburg Ward 2 Dist 5,758,120,20,140
Wilkinsburg Ward 3 Dist 1,693,191,51,242
Wilkinsburg Ward 3 Dist 2,639,128,40,168
Wilkinsburg Ward 3 Dist 3,759,82,28,111
Wilkinsburg Ward 3 Dist 4,983,188,32,220
Wilkinsburg Ward 3 Dist 5,936,141,28,169
Wilkinsburg Ward 3 Dist 6,479,51,12,63
Wilmerding Dist 1,451,19,27,46
Wilmerding Dist 2,639,34,65,99
McKeesport Ward 1,0,0,0,0