Precinct,Registered Voters,DEM Josh Shapiro,REP Douglas V. Mastriano,Total
Aleppo,1379,582,375,980
Aspinwall Dist 1,864,472,134,617
Aspinwall Dist 2,574,311,70,388
Aspinwall Dist 3,852,459,134,605
Avalon Ward 1,1094,480,121,614
Avalon Ward 2 Dist 1,697,291,96,397
Avalon Ward 2 Dist 2,460,195,73,274
Avalon Ward 3 Dist 1,327,137,55,196
Avalon Ward 3 Dist 2,438,194,67,266
Avalon Ward 3 Dist 3,495,227,72,309
Baldwin Br Dist 1,613,264,135,405
Baldwin Br Dist 2,1014,490,220,724
Baldwin Br Dist 3,847,393,155,558
Baldwin Br Dist 4,770,304,193,507
Baldwin Br Dist 5,811,339,162,506
Baldwin Br Dist 6,747,301,180,492
Baldwin Br Dist 7,811,342,193,545
Baldwin Br Dist 8,732,323,182,513
Baldwin Br Dist 9,768,328,157,497
Baldwin Br Dist 10,1057,259,116,388
Baldwin Br Dist 11,1296,432,135,575
Baldwin Br Dist 12,635,279,147,432
Baldwin Br Dist 13,687,305,178,490
Baldwin Br Dist 14,615,245,164,417
Baldwin Br Dist 15,787,353,189,550
Baldwin Br Dist 16,908,381,189,580
Baldwin Br Dist 17,656,287,151,441
Baldwin Br Dist 18,932,388,199,600
Baldwin Tp Dist 1,803,379,198,582
Baldwin Tp Dist 2,735,312,169,487
Bell Acres,1203,476,343,840
Bellevue Ward 1 Dist 1,987,378,139,532
Bellevue Ward 1 Dist 2,941,427,138,574
Bellevue Ward 2 Dist 1,1111,456,139,605
Bellevue Ward 2 Dist 2,993,424,123,558
Bellevue Ward 3 Dist 1,1007,424,135,568
Bellevue Ward 3 Dist 2,962,406,165,582
Ben Avon Dist 1,478,270,91,364
Ben Avon Dist 2,998,529,178,722
Ben Avon Ht,340,175,83,264
Bethel Park Ward 1 Dist 1,859,332,244,585
Bethel Park Ward 1 Dist 2,772,354,171,533
Bethel Park Ward 1 Dist 3,824,347,234,590
Bethel Park Ward 2 Dist 1,728,298,215,523
Bethel Park Ward 2 Dist 2,943,385,273,671
Bethel Park Ward 2 Dist 3,1099,435,331,778
Bethel Park Ward 3 Dist 1,799,336,246,596
Bethel Park Ward 3 Dist 2,1103,485,310,805
Bethel Park Ward 3 Dist 3,1085,464,321,796
Bethel Park Ward 4 Dist 1,1317,545,379,938
Bethel Park Ward 4 Dist 2,801,355,222,586
Bethel Park Ward 4 Dist 3,883,368,226,598
Bethel Park Ward 5 Dist 1,694,257,206,470
Bethel Park Ward 5 Dist 2,636,242,172,423
Bethel Park Ward 5 Dist 3,1513,660,315,992
Bethel Park Ward 6 Dist 1,1310,494,388,893
Bethel Park Ward 6 Dist 2,954,422,252,684
Bethel Park Ward 6 Dist 3,885,391,244,647
Bethel Park Ward 7 Dist 1,1182,482,374,867
Bethel Park Ward 7 Dist 2,1244,492,321,831
Bethel Park Ward 7 Dist 3,754,321,211,537
Bethel Park Ward 8 Dist 1,569,240,155,402
Bethel Park Ward 8 Dist 2,537,221,64,295
Bethel Park Ward 8 Dist 3,1317,550,358,926
Bethel Park Ward 8 Dist 4,467,213,115,333
Bethel Park Ward 9 Dist 1,587,269,153,428
Bethel Park Ward 9 Dist 2,710,300,143,456
Bethel Park Ward 9 Dist 3,1397,579,403,995
Blawnox,1011,423,174,613
Brackenridge Ward 1,491,155,106,266
Brackenridge Ward 2,763,279,178,466
Brackenridge Ward 3,667,184,170,359
Braddock Ward 1,470,186,6,195
Braddock Ward 2,607,244,18,267
Braddock Ward 3,432,150,5,157
Braddock Hl Dist 1,780,312,92,408
Braddock Hl Dist 2,520,290,64,359
Bradford Woods,1015,427,288,738
Brentwood Dist 1,539,255,99,363
Brentwood Dist 2,742,287,131,434
Brentwood Dist 3,623,244,125,380
Brentwood Dist 4,798,326,152,485
Brentwood Dist 5,724,292,84,387
Brentwood Dist 6,690,250,92,348
Brentwood Dist 7,766,302,133,446
Brentwood Dist 8,727,326,165,500
Brentwood Dist 9,610,292,114,413
Brentwood Dist 10,537,190,128,324
Bridgeville Dist 1,789,296,148,455
Bridgeville Dist 2,864,316,180,499
Bridgeville Dist 3,861,307,248,565
Bridgeville Dist 4,983,425,212,649
Carnegie Ward 1 Dist 1,551,210,88,305
Carnegie Ward 1 Dist 2,1200,493,222,735
Carnegie Ward 1 Dist 3,882,365,176,555
Carnegie Ward 1 Dist 4,389,142,36,183
Carnegie Ward 2 Dist 1,655,247,119,374
Carnegie Ward 2 Dist 2,506,211,87,305
Carnegie Ward 2 Dist 3,507,221,128,362
Carnegie Ward 2 Dist 4,888,297,148,463
Casl Shannon Dist 1,1090,405,153,575
Casl Shannon Dist 2,806,367,159,541
Casl Shannon Dist 3,854,351,180,542
Casl Shannon Dist 4,661,284,117,404
Casl Shannon Dist 5,775,380,132,525
Casl Shannon Dist 6,644,302,133,444
Casl Shannon Dist 7,762,353,157,520
Casl Shannon Dist 8,546,257,115,381
Chalfant Dist 1,596,239,108,352
Cheswick Dist 1,619,253,172,432
Cheswick Dist 2,656,276,206,486
Churchill Dist 1,720,423,102,531
Churchill Dist 2,720,408,108,522
Churchill Dist 3,653,369,112,490
Churchill Dist 4,723,367,133,506
Clairton Ward 1 Dist 1,351,115,35,152
Clairton Ward 1 Dist 2,394,123,68,194
Clairton Ward 1 Dist 3,327,93,60,161
Clairton Ward 2 Dist 1,111,41,0,41
Clairton Ward 2 Dist 2,292,117,9,127
Clairton Ward 2 Dist 3,433,128,18,147
Clairton Ward 3 Dist 1,427,147,62,215
Clairton Ward 3 Dist 2,354,120,43,165
Clairton Ward 3 Dist 3,370,81,36,118
Clairton Ward 4 Dist 1,366,134,11,151
Clairton Ward 4 Dist 2,335,112,22,135
Clairton Ward 4 Dist 3,439,151,77,232
Collier Dist 1,1477,594,434,1053
Collier Dist 2,1374,504,476,1002
Collier Dist 3,1280,565,314,890
Collier Dist 4,759,344,148,502
Collier Dist 5,992,350,367,725
Collier Dist 6,1143,439,243,697
Coraopolis Ward 1 Dist 1,444,168,50,225
Coraopolis Ward 1 Dist 2,498,197,85,290
Coraopolis Ward 2,818,314,109,432
Coraopolis Ward 3 Dist 1,567,223,106,336
Coraopolis Ward 3 Dist 2,571,201,126,337
Coraopolis Ward 4 Dist 1,458,176,99,283
Coraopolis Ward 4 Dist 2,543,223,110,345
Crafton Ward 1 Dist 1,872,395,147,564
Crafton Ward 1 Dist 2,624,305,87,396
Crafton Ward 2 Dist 1,629,296,118,424
Crafton Ward 2 Dist 2,789,328,102,443
Crafton Ward 3 Dist 1,988,433,180,625
Crafton Ward 3 Dist 2,605,258,121,391
Crescent Ward 1,1076,368,315,695
Crescent Ward 2,686,230,199,440
Dormont Dist 1,733,334,95,438
Dormont Dist 2,536,307,87,400
Dormont Dist 3,931,475,109,599
Dormont Dist 4,653,342,83,432
Dormont Dist 5,1040,517,120,652
Dormont Dist 6,527,265,73,343
Dormont Dist 7,524,293,51,349
Dormont Dist 8,416,222,63,290
Dormont Dist 9,551,273,75,358
Dormont Dist 10,626,356,87,453
Dravosburg Dist 1,550,194,111,312
Dravosburg Dist 2,345,117,97,215
Dravosburg Dist 3,256,90,55,147
Duquesne Ward 1 Dist 1,436,180,61,244
Duquesne Ward 1 Dist 2,504,143,31,177
Duquesne Ward 1 Dist 3,291,95,7,102
Duquesne Ward 1 Dist 4,203,49,10,59
Duquesne Ward 2 Dist 1,322,106,11,119
Duquesne Ward 2 Dist 2,366,141,13,155
Duquesne Ward 2 Dist 3,435,141,41,187
Duquesne Ward 3 Dist 1,230,75,10,85
Duquesne Ward 3 Dist 2,155,51,3,54
Duquesne Ward 3 Dist 3,564,203,38,246
East Deer Ward 1,325,116,62,181
East Deer Ward 2,583,184,169,357
E McKeesport Dist 1,407,158,94,255
E McKeesport Dist 2,532,203,94,306
E McKeesport Dist 3,470,190,71,265
E Pittsburgh Ward 1,361,108,23,134
E Pittsburgh Ward 2,409,130,23,160
E Pittsburgh Ward 3,495,133,26,162
Edgewood Dist 1,1039,636,68,714
Edgewood Dist 2,954,597,74,678
Edgewood Dist 3,879,579,34,618
Edgeworth Dist 1,681,291,166,467
Edgeworth Dist 2,770,348,175,527
Elizabeth Br,894,254,221,495
Elizabeth Tp Ward 1 Dist 1,551,200,168,374
Elizabeth Tp Ward 1 Dist 2,934,288,334,631
Elizabeth Tp Ward 2,1308,470,435,918
Elizabeth Tp Ward 3,1347,447,468,933
Elizabeth Tp Ward 4 Dist 1,904,286,265,563
Elizabeth Tp Ward 4 Dist 2,443,150,168,320
Elizabeth Tp Ward 5 Dist 1,443,97,148,252
Elizabeth Tp Ward 5 Dist 2,816,261,235,502
Elizabeth Tp Ward 6 Dist 1,605,178,232,417
Elizabeth Tp Ward 6 Dist 2,720,188,274,470
Elizabeth Tp Ward 7,1250,444,381,834
Emsworth Dist 1,792,334,156,495
Emsworth Dist 2,1004,366,200,580
Etna Ward 1,839,364,132,511
Etna Ward 2,683,253,101,366
Etna Ward 3,732,318,156,483
Fawn Dist 1,556,155,209,372
Fawn Dist 2,938,270,336,620
Findlay Dist 1,1673,453,575,1048
Findlay Dist 2,1929,688,564,1267
Findlay Dist 3,1206,459,340,813
Forest Hills Dist 1,630,402,85,497
Forest Hills Dist 2,655,368,90,466
Forest Hills Dist 3,630,332,114,453
Forest Hills Dist 4,730,378,94,476
Forest Hills Dist 5,722,400,131,539
Forest Hills Dist 6,624,389,69,466
Forest Hills Dist 7,792,363,56,423
Forest Hills Dist 8,729,390,120,526
Forward Dist 1,360,83,157,242
Forward Dist 2,838,245,270,522
Forward Dist 3,386,120,135,260
Forward Dist 4,464,150,160,313
Fox Chapel Dist 1,874,444,186,639
Fox Chapel Dist 2,1052,507,208,725
Fox Chapel Dist 3,746,423,147,579
Fox Chapel Dist 4,1233,649,215,879
Fox Chapel Dist 5,986,426,247,685
Franklin Pk Ward 1 Dist 1,1189,446,357,817
Franklin Pk Ward 1 Dist 2,1475,590,392,992
Franklin Pk Ward 1 Dist 3,1304,595,343,951
Franklin Pk Ward 2 Dist 1,1276,557,348,928
Franklin Pk Ward 2 Dist 2,1302,528,378,921
Franklin Pk Ward 2 Dist 3,1431,678,376,1081
Franklin Pk Ward 3 Dist 1,1334,554,351,919
Franklin Pk Ward 3 Dist 2,793,369,208,585
Franklin Pk Ward 3 Dist 3,1301,585,373,976
Frazer,807,240,283,528
Glassport Dist 1,572,185,153,344
Glassport Dist 2,429,118,46,169
Glassport Dist 3,551,158,72,240
Glassport Dist 4,250,64,37,102
Glassport Dist 5,473,160,115,283
Glassport Dist 6,429,116,115,240
Glenfield,150,52,51,105
Green Tree Dist 1,793,394,184,585
Green Tree Dist 2,1062,518,277,801
Green Tree Dist 3,1038,455,234,704
Green Tree Dist 4,896,385,174,573
Hampton Dist 1,1199,509,348,876
Hampton Dist 2,1256,490,386,894
Hampton Dist 3,1363,556,384,955
Hampton Dist 4,640,232,190,429
Hampton Dist 5,714,302,198,511
Hampton Dist 6,664,258,195,462
Hampton Dist 7,1430,593,432,1040
Hampton Dist 8,946,431,250,695
Hampton Dist 9,1394,577,420,1018
Hampton Dist 10,1579,634,403,1055
Hampton Dist 11,1723,791,492,1301
Hampton Dist 12,900,424,230,664
Hampton Dist 13,753,337,211,558
Harmar Dist 1,1296,521,341,874
Harmar Dist 2,680,211,170,384
Harmar Dist 3,361,127,120,248
Harrison Ward 1 Dist 1,287,118,94,213
Harrison Ward 1 Dist 2,613,270,163,438
Harrison Ward 1 Dist 3,687,256,199,467
Harrison Ward 2 Dist 1,324,112,91,205
Harrison Ward 2 Dist 2,554,152,114,271
Harrison Ward 3 Dist 1,1074,410,337,758
Harrison Ward 3 Dist 2,654,246,197,455
Harrison Ward 4 Dist 1,690,228,226,465
Harrison Ward 4 Dist 2,605,184,176,369
Harrison Ward 5 Dist 1,505,158,63,229
Harrison Ward 5 Dist 2,791,248,233,489
Haysville,64,28,13,44
Heidelberg,926,365,182,562
Homestead Ward 1 Dist 1,530,206,45,258
Homestead Ward 1 Dist 2,347,127,8,135
Homestead Ward 2 Dist 1,433,159,11,172
Homestead Ward 2 Dist 2,289,133,10,144
Homestead Ward 3 Dist 1,437,140,16,160
Homestead Ward 3 Dist 2,268,109,4,113
Indiana Dist 1,966,374,248,631
Indiana Dist 2,871,358,240,614
Indiana Dist 3,1542,539,385,953
Indiana Dist 4,1149,530,297,842
Indiana Dist 5,949,429,229,676
Ingram Dist 1,862,377,157,543
Ingram Dist 2,628,293,97,397
Ingram Dist 3,918,396,178,584
Jefferson Hl Dist 1,1800,664,558,1238
Jefferson Hl Dist 2,832,224,272,506
Jefferson Hl Dist 3,707,264,208,483
Jefferson Hl Dist 4,646,191,180,376
Jefferson Hl Dist 5,2087,671,621,1316
Jefferson Hl Dist 6,1005,254,419,682
Jefferson Hl Dist 7,379,113,140,260
Jefferson Hl Dist 8,1375,537,434,981
Kennedy Dist 1,1479,617,431,1064
Kennedy Dist 2,866,329,165,505
Kennedy Dist 3,994,442,269,727
Kennedy Dist 4,467,229,94,330
Kennedy Dist 5,1437,624,374,1018
Kennedy Dist 6,956,394,187,592
Kennedy Dist 7,563,241,153,401
Kilbuck,610,291,170,469
Leet Dist 1,425,172,104,283
Leet Dist 2,804,376,201,590
Leetsdale,853,326,168,505
Liberty Dist 1,874,280,264,553
Liberty Dist 2,779,273,216,504
Lincoln,673,211,254,473
Marshall Dist 1,947,357,266,635
Marshall Dist 2,1204,436,375,832
Marshall Dist 3,823,317,232,562
Marshall Dist 4,1224,503,338,853
Marshall Dist 5,933,375,232,614
Marshall Dist 6,1006,405,292,708
Marshall Dist 7,1305,462,330,810
McCandless Ward 1 Dist 1,1171,470,338,830
McCandless Ward 1 Dist 2,805,348,165,525
McCandless Ward 1 Dist 3,1290,443,316,769
McCandless Ward 2 Dist 1,1418,646,315,976
McCandless Ward 2 Dist 2,879,388,267,663
McCandless Ward 2 Dist 3,881,356,256,620
McCandless Ward 3 Dist 1,961,469,239,720
McCandless Ward 3 Dist 2,1093,471,285,777
McCandless Ward 3 Dist 3,1117,465,340,824
McCandless Ward 4 Dist 1,1482,643,402,1064
McCandless Ward 4 Dist 2,960,384,231,632
McCandless Ward 4 Dist 3,739,337,226,573
McCandless Ward 5 Dist 1,874,360,282,650
McCandless Ward 5 Dist 2,1464,604,328,950
McCandless Ward 5 Dist 3,1035,507,205,720
McCandless Ward 6 Dist 1,480,219,138,361
McCandless Ward 6 Dist 2,1039,475,307,788
McCandless Ward 6 Dist 3,1883,862,437,1332
McCandless Ward 7 Dist 1,1676,672,416,1102
McCandless Ward 7 Dist 2,1012,471,244,731
McCandless Ward 7 Dist 3,529,226,147,386
McDonald,220,53,73,131
McKeesport Ward 1,11,1,0,1
McKeesport Ward 2,215,36,4,40
McKeesport Ward 3 Dist 1,288,89,6,97
McKeesport Ward 3 Dist 2,110,32,2,35
McKeesport Ward 4,286,75,3,78
McKeesport Ward 5,447,121,17,139
McKeesport Ward 6 Dist 1,342,71,21,92
McKeesport Ward 6 Dist 2,285,86,7,93
McKeesport Ward 7 Dist 1,451,176,21,200
McKeesport Ward 7 Dist 2,273,122,2,124
McKeesport Ward 7 Dist 3,325,95,19,116
McKeesport Ward 7 Dist 4,420,118,20,142
McKeesport Ward 7 Dist 5,522,169,40,214
McKeesport Ward 7 Dist 6,450,143,29,176
McKeesport Ward 7 Dist 7,354,127,8,137
McKeesport Ward 8 Dist 1,263,78,50,128
McKeesport Ward 8 Dist 2,508,193,63,260
McKeesport Ward 8 Dist 3,505,148,37,186
McKeesport Ward 8 Dist 4,456,149,91,241
McKeesport Ward 8 Dist 5,525,122,12,134
McKeesport Ward 8 Dist 6,207,58,36,97
McKeesport Ward 9 Dist 1,468,151,68,223
McKeesport Ward 9 Dist 2,549,179,84,265
McKeesport Ward 9 Dist 3,386,131,53,190
McKeesport Ward 10 Dist 1,295,81,30,114
McKeesport Ward 10 Dist 2,323,110,50,163
McKeesport Ward 11 Dist 1,411,145,72,221
McKeesport Ward 11 Dist 2,371,101,75,178
McKeesport Ward 11 Dist 3,265,125,28,154
McKeesport Ward 12 Dist 1,314,108,77,186
McKeesport Ward 12 Dist 2,350,129,97,226
McKeesport Ward 12 Dist 3,554,255,133,394
McKees Rocks Ward 1 Dist 1,263,37,4,43
McKees Rocks Ward 1 Dist 2,524,145,35,187
McKees Rocks Ward 2 Dist 1,630,166,51,224
McKees Rocks Ward 2 Dist 2,580,131,50,191
McKees Rocks Ward 3 Dist 1,748,242,113,368
McKees Rocks Ward 3 Dist 2,537,126,52,179
McKees Rocks Ward 3 Dist 3,542,178,47,231
Millvale Dist 1,491,209,63,275
Millvale Dist 2,461,177,66,252
Millvale Dist 3,429,203,43,252
Millvale Dist 4,449,185,75,268
Millvale Dist 5,515,230,64,305
Monroeville Ward 1 Dist 1,689,254,140,400
Monroeville Ward 1 Dist 2,637,271,172,447
Monroeville Ward 1 Dist 3,822,412,154,575
Monroeville Ward 1 Dist 4,890,292,100,403
Monroeville Ward 2 Dist 1,943,424,219,650
Monroeville Ward 2 Dist 2,998,460,206,678
Monroeville Ward 2 Dist 3,1058,471,231,716
Monroeville Ward 3 Dist 1,1191,492,267,771
Monroeville Ward 3 Dist 2,646,248,174,429
Monroeville Ward 3 Dist 3,979,445,212,671
Monroeville Ward 3 Dist 4,445,209,108,323
Monroeville Ward 4 Dist 1,651,305,145,457
Monroeville Ward 4 Dist 2,1050,404,250,668
Monroeville Ward 4 Dist 3,986,412,248,672
Monroeville Ward 5 Dist 1,580,203,162,369
Monroeville Ward 5 Dist 2,881,309,98,413
Monroeville Ward 5 Dist 3,938,371,180,561
Monroeville Ward 5 Dist 4,695,236,95,334
Monroeville Ward 6 Dist 1,824,363,186,553
Monroeville Ward 6 Dist 2,876,350,154,509
Monroeville Ward 6 Dist 3,1091,347,127,487
Monroeville Ward 6 Dist 4,387,158,37,199
Monroeville Ward 7 Dist 1,1474,691,232,939
Monroeville Ward 7 Dist 2,838,393,131,531
Monroeville Ward 7 Dist 3,664,291,143,440
Moon Dist 1,1206,345,229,583
Moon Dist 2,1821,761,492,1273
Moon Dist 3,1410,495,271,792
Moon Dist 4,800,281,234,525
Moon Dist 5,2539,925,703,1668
Moon Dist 6,2493,866,739,1629
Moon Dist 7,1624,540,325,886
Moon Dist 8,1062,430,271,709
Moon Dist 9,2062,622,553,1190
Moon Dist 10,778,293,197,500
Moon Dist 11,1397,512,434,956
Moon Dist 12,1030,423,272,707
Moon Dist 13,713,258,220,486
Mt Lebanon Ward 1 Dist 1,842,433,150,594
Mt Lebanon Ward 1 Dist 2,645,332,85,419
Mt Lebanon Ward 1 Dist 3,668,397,91,495
Mt Lebanon Ward 1 Dist 4,787,434,133,572
Mt Lebanon Ward 1 Dist 5,620,355,101,468
Mt Lebanon Ward 1 Dist 6,1063,554,184,751
Mt Lebanon Ward 1 Dist 7,785,406,109,522
Mt Lebanon Ward 2 Dist 1,1002,549,178,749
Mt Lebanon Ward 2 Dist 2,624,326,101,431
Mt Lebanon Ward 2 Dist 3,710,400,92,501
Mt Lebanon Ward 2 Dist 4,569,318,82,405
Mt Lebanon Ward 2 Dist 5,583,309,115,430
Mt Lebanon Ward 2 Dist 6,576,306,120,435
Mt Lebanon Ward 2 Dist 7,662,359,119,489
Mt Lebanon Ward 2 Dist 8,981,512,194,712
Mt Lebanon Ward 3 Dist 1,676,358,125,494
Mt Lebanon Ward 3 Dist 2,913,511,146,667
Mt Lebanon Ward 3 Dist 3,714,354,144,504
Mt Lebanon Ward 3 Dist 4,731,321,121,449
Mt Lebanon Ward 3 Dist 5,731,395,131,532
Mt Lebanon Ward 3 Dist 6,453,276,70,351
Mt Lebanon Ward 3 Dist 7,882,430,188,628
Mt Lebanon Ward 3 Dist 8,314,159,69,231
Mt Lebanon Ward 4 Dist 1,790,388,112,511
Mt Lebanon Ward 4 Dist 2,871,466,140,619
Mt Lebanon Ward 4 Dist 3,711,351,104,463
Mt Lebanon Ward 4 Dist 4,682,368,136,509
Mt Lebanon Ward 4 Dist 5,650,365,113,484
Mt Lebanon Ward 4 Dist 6,683,383,115,502
Mt Lebanon Ward 4 Dist 7,868,483,123,616
Mt Lebanon Ward 5 Dist 1,600,314,118,440
Mt Lebanon Ward 5 Dist 2,454,193,56,251
Mt Lebanon Ward 5 Dist 3,607,321,88,417
Mt Lebanon Ward 5 Dist 4,628,341,117,465
Mt Lebanon Ward 5 Dist 5,655,387,96,490
Mt Lebanon Ward 5 Dist 6,487,279,76,359
Mt Lebanon Ward 5 Dist 7,804,463,129,603
Mt Lebanon Ward 5 Dist 8,944,477,115,598
Mt Oliver Dist 1,721,201,54,265
Mt Oliver Dist 2,745,225,55,285
Mt Oliver Dist 3,500,139,40,185
Mt Oliver Dist 4,319,123,29,159
Munhall Dist 1,462,142,64,213
Munhall Dist 2,494,182,37,223
Munhall Dist 3,508,189,35,230
Munhall Dist 4,417,180,31,213
Munhall Dist 5,734,327,116,457
Munhall Dist 6,718,301,142,450
Munhall Dist 7,1141,513,203,734
Munhall Dist 8,641,306,148,462
Munhall Dist 9,714,274,130,413
Munhall Dist 10,530,232,87,324
Munhall Dist 11,936,446,205,661
Munhall Dist 12,562,261,135,406
Neville Ward 1,262,86,57,146
Neville Ward 2,224,65,29,95
Neville Ward 3,246,115,51,171
N Braddock Ward 1 Dist 1,221,123,34,163
N Braddock Ward 1 Dist 2,459,185,55,250
N Braddock Ward 1 Dist 3,501,170,34,205
N Braddock Ward 2 Dist 1,435,151,24,177
N Braddock Ward 2 Dist 2,551,237,46,286
N Braddock Ward 3 Dist 1,398,156,3,162
N Braddock Ward 3 Dist 2,459,169,10,182
N Fayette Dist 1,2190,738,698,1461
N Fayette Dist 2,2574,812,566,1397
N Fayette Dist 3,2438,869,554,1441
N Fayette Dist 4,1184,314,275,601
N Fayette Dist 5,3003,1034,830,1900
N Versailles Ward 1 Dist 1,664,231,151,387
N Versailles Ward 1 Dist 2,629,262,163,426
N Versailles Ward 2 Dist 1,647,230,152,394
N Versailles Ward 2 Dist 2,198,83,37,121
N Versailles Ward 3 Dist 1,489,212,118,331
N Versailles Ward 3 Dist 2,634,237,140,379
N Versailles Ward 4 Dist 1,498,171,97,278
N Versailles Ward 4 Dist 2,399,146,99,252
N Versailles Ward 5 Dist 1,533,150,65,222
N Versailles Ward 5 Dist 2,383,106,54,162
N Versailles Ward 6 Dist 1,639,217,188,411
N Versailles Ward 6 Dist 2,541,203,144,356
N Versailles Ward 7,665,272,48,326
Oakdale Dist 1,614,226,166,396
Oakdale Dist 2,448,162,149,315
Oakmont Dist 1,869,437,192,646
Oakmont Dist 2,1076,469,289,762
Oakmont Dist 3,772,352,176,537
Oakmont Dist 4,883,387,188,588
Oakmont Dist 5,679,334,140,482
Oakmont Dist 6,1306,594,319,923
O'Hara Ward 1 Dist 1,1088,482,206,702
O'Hara Ward 1 Dist 2,622,317,118,444
O'Hara Ward 2 Dist 1,621,326,122,457
O'Hara Ward 2 Dist 2,941,465,198,673
O'Hara Ward 3 Dist 1,683,330,148,490
O'Hara Ward 3 Dist 2,595,250,138,397
O'Hara Ward 4 Dist 1,585,322,79,406
O'Hara Ward 4 Dist 2,787,485,112,608
O'Hara Ward 5 Dist 1,757,401,166,576
O'Hara Ward 5 Dist 2,917,510,135,654
Ohio Dist 1,1553,698,413,1130
Ohio Dist 2,1819,852,519,1396
Ohio Dist 3,2137,948,457,1431
Glen Osborne,472,233,95,336
Penn Hills Ward 1 Dist 1,730,346,12,363
Penn Hills Ward 1 Dist 2,747,411,23,435
Penn Hills Ward 1 Dist 3,490,191,9,202
Penn Hills Ward 1 Dist 4,323,143,9,153
Penn Hills Ward 1 Dist 5,203,77,2,79
Penn Hills Ward 2 Dist 1,710,360,26,393
Penn Hills Ward 2 Dist 2,735,308,23,337
Penn Hills Ward 2 Dist 3,823,396,50,451
Penn Hills Ward 2 Dist 4,583,348,38,396
Penn Hills Ward 3 Dist 1,744,389,118,515
Penn Hills Ward 3 Dist 2,499,253,34,289
Penn Hills Ward 3 Dist 3,643,324,50,381
Penn Hills Ward 3 Dist 4,821,351,63,421
Penn Hills Ward 3 Dist 5,440,162,35,202
Penn Hills Ward 3 Dist 6,474,213,49,264
Penn Hills Ward 4 Dist 1,562,280,57,345
Penn Hills Ward 4 Dist 2,741,310,72,391
Penn Hills Ward 4 Dist 3,742,324,90,422
Penn Hills Ward 4 Dist 4,629,296,78,382
Penn Hills Ward 4 Dist 5,591,271,59,335
Penn Hills Ward 5 Dist 1,696,310,78,397
Penn Hills Ward 5 Dist 2,614,235,84,324
Penn Hills Ward 5 Dist 3,685,335,105,444
Penn Hills Ward 5 Dist 4,602,299,102,408
Penn Hills Ward 5 Dist 5,532,277,68,353
Penn Hills Ward 5 Dist 6,696,318,105,432
Penn Hills Ward 6 Dist 1,558,224,88,320
Penn Hills Ward 6 Dist 2,654,275,68,356
Penn Hills Ward 6 Dist 3,525,259,62,326
Penn Hills Ward 6 Dist 4,568,240,29,273
Penn Hills Ward 6 Dist 5,603,280,45,331
Penn Hills Ward 6 Dist 6,565,265,84,356
Penn Hills Ward 7 Dist 1,644,340,57,401
Penn Hills Ward 7 Dist 2,666,234,100,343
Penn Hills Ward 7 Dist 3,900,429,111,544
Penn Hills Ward 7 Dist 4,610,267,107,381
Penn Hills Ward 7 Dist 5,720,320,98,426
Penn Hills Ward 7 Dist 6,703,298,83,390
Penn Hills Ward 7 Dist 7,692,212,129,352
Penn Hills Ward 8 Dist 1,649,278,141,426
Penn Hills Ward 8 Dist 2,566,247,130,385
Penn Hills Ward 8 Dist 3,535,223,130,366
Penn Hills Ward 8 Dist 4,630,285,139,428
Penn Hills Ward 8 Dist 5,911,401,165,575
Penn Hills Ward 8 Dist 6,474,205,103,313
Penn Hills Ward 9 Dist 1,524,264,126,396
Penn Hills Ward 9 Dist 2,562,244,116,362
Penn Hills Ward 9 Dist 3,879,388,166,569
Penn Hills Ward 9 Dist 4,596,268,127,401
Penn Hills Ward 9 Dist 5,299,137,10,151
Pine Dist 1,1526,591,407,1016
Pine Dist 2,2361,880,693,1605
Pine Dist 3,454,168,146,321
Pine Dist 4,1457,585,410,1019
Pine Dist 5,1987,690,527,1235
Pine Dist 6,877,362,265,637
Pine Dist 7,1490,603,373,997
Pine Dist 8,1123,409,365,784
Pitcairn Dist 1,867,261,131,396
Pitcairn Dist 2,438,106,37,147
Pitcairn Dist 3,625,216,153,376
Pittsburgh Ward 1 Dist 1,3281,527,81,627
Pittsburgh Ward 1 Dist 2,657,232,17,249
Pittsburgh Ward 2 Dist 1,2507,967,181,1171
Pittsburgh Ward 2 Dist 2,1945,825,198,1039
Pittsburgh Ward 3 Dist 1,251,114,1,118
Pittsburgh Ward 3 Dist 2,632,340,5,348
Pittsburgh Ward 3 Dist 3,351,166,1,169
Pittsburgh Ward 3 Dist 4,544,164,12,178
Pittsburgh Ward 3 Dist 5,508,186,11,198
Pittsburgh Ward 4 Dist 1,227,43,1,46
Pittsburgh Ward 4 Dist 2,796,259,34,297
Pittsburgh Ward 4 Dist 3,326,128,3,132
Pittsburgh Ward 4 Dist 4,240,86,3,90
Pittsburgh Ward 4 Dist 5,971,295,11,308
Pittsburgh Ward 4 Dist 6,747,177,11,188
Pittsburgh Ward 4 Dist 7,2270,658,48,713
Pittsburgh Ward 4 Dist 8,2610,656,36,697
Pittsburgh Ward 4 Dist 9,955,387,39,431
Pittsburgh Ward 4 Dist 10,646,223,18,247
Pittsburgh Ward 4 Dist 11,583,347,50,400
Pittsburgh Ward 4 Dist 12,684,268,25,295
Pittsburgh Ward 4 Dist 13,662,203,12,216
Pittsburgh Ward 4 Dist 14,1499,420,23,453
Pittsburgh Ward 4 Dist 15,1047,331,22,356
Pittsburgh Ward 4 Dist 16,1499,482,38,528
Pittsburgh Ward 4 Dist 17,645,289,24,315
Pittsburgh Ward 4 Dist 18,699,222,11,238
Pittsburgh Ward 4 Dist 19,310,90,3,93
Pittsburgh Ward 5 Dist 1,258,101,2,103
Pittsburgh Ward 5 Dist 2,372,149,0,149
Pittsburgh Ward 5 Dist 3,145,70,1,72
Pittsburgh Ward 5 Dist 4,269,102,0,103
Pittsburgh Ward 5 Dist 5,199,95,5,100
Pittsburgh Ward 5 Dist 6,526,109,3,117
Pittsburgh Ward 5 Dist 7,386,175,3,181
Pittsburgh Ward 5 Dist 8,421,207,7,219
Pittsburgh Ward 5 Dist 9,1142,407,34,452
Pittsburgh Ward 5 Dist 10,440,201,8,212
Pittsburgh Ward 5 Dist 11,361,154,5,162
Pittsburgh Ward 5 Dist 12,346,162,2,167
Pittsburgh Ward 5 Dist 13,249,108,1,109
Pittsburgh Ward 5 Dist 14,251,95,2,98
Pittsburgh Ward 5 Dist 15,251,74,1,76
Pittsburgh Ward 5 Dist 16,182,62,0,62
Pittsburgh Ward 5 Dist 17,272,113,3,117
Pittsburgh Ward 5 Dist 18,66,17,1,18
Pittsburgh Ward 6 Dist 1,1247,634,98,746
Pittsburgh Ward 6 Dist 2,621,310,38,353
Pittsburgh Ward 6 Dist 3,791,392,46,447
Pittsburgh Ward 6 Dist 4,574,299,48,352
Pittsburgh Ward 6 Dist 5,505,260,32,295
Pittsburgh Ward 7 Dist 1,712,284,37,324
Pittsburgh Ward 7 Dist 2,1138,589,87,685
Pittsburgh Ward 7 Dist 3,835,360,24,389
Pittsburgh Ward 7 Dist 4,1159,473,41,520
Pittsburgh Ward 7 Dist 5,856,328,30,363
Pittsburgh Ward 7 Dist 6,760,363,31,401
Pittsburgh Ward 7 Dist 7,836,358,47,411
Pittsburgh Ward 7 Dist 8,809,352,30,393
Pittsburgh Ward 7 Dist 9,843,391,38,435
Pittsburgh Ward 7 Dist 10,1169,565,54,629
Pittsburgh Ward 7 Dist 11,1270,576,42,625
Pittsburgh Ward 7 Dist 12,1197,542,51,596
Pittsburgh Ward 7 Dist 13,591,213,21,235
Pittsburgh Ward 7 Dist 14,492,214,35,258
Pittsburgh Ward 8 Dist 1,384,209,34,247
Pittsburgh Ward 8 Dist 2,647,349,58,413
Pittsburgh Ward 8 Dist 3,868,376,64,447
Pittsburgh Ward 8 Dist 4,857,362,66,432
Pittsburgh Ward 8 Dist 5,640,349,49,404
Pittsburgh Ward 8 Dist 6,445,215,31,254
Pittsburgh Ward 8 Dist 7,843,424,24,452
Pittsburgh Ward 8 Dist 8,643,344,25,378
Pittsburgh Ward 8 Dist 9,876,405,25,435
Pittsburgh Ward 8 Dist 10,688,369,24,398
Pittsburgh Ward 8 Dist 11,740,326,33,365
Pittsburgh Ward 8 Dist 12,615,318,16,344
Pittsburgh Ward 8 Dist 13,534,222,7,232
Pittsburgh Ward 9 Dist 1,624,302,53,362
Pittsburgh Ward 9 Dist 2,612,343,37,384
Pittsburgh Ward 9 Dist 3,657,350,45,402
Pittsburgh Ward 9 Dist 4,698,358,42,407
Pittsburgh Ward 9 Dist 5,647,329,56,394
Pittsburgh Ward 9 Dist 6,577,329,40,376
Pittsburgh Ward 9 Dist 7,406,243,19,266
Pittsburgh Ward 9 Dist 8,718,364,63,434
Pittsburgh Ward 9 Dist 9,617,300,35,340
Pittsburgh Ward 10 Dist 1,670,371,29,403
Pittsburgh Ward 10 Dist 2,689,377,40,424
Pittsburgh Ward 10 Dist 3,712,390,41,438
Pittsburgh Ward 10 Dist 4,542,351,46,403
Pittsburgh Ward 10 Dist 5,514,315,47,365
Pittsburgh Ward 10 Dist 6,503,266,55,327
Pittsburgh Ward 10 Dist 7,618,366,61,430
Pittsburgh Ward 10 Dist 8,606,368,60,434
Pittsburgh Ward 10 Dist 9,537,318,64,386
Pittsburgh Ward 10 Dist 10,600,388,67,461
Pittsburgh Ward 10 Dist 11,623,350,58,412
Pittsburgh Ward 10 Dist 12,512,299,16,317
Pittsburgh Ward 10 Dist 13,548,319,35,359
Pittsburgh Ward 10 Dist 14,573,364,24,388
Pittsburgh Ward 10 Dist 15,365,159,5,166
Pittsburgh Ward 10 Dist 16,318,125,5,130
Pittsburgh Ward 10 Dist 17,479,220,22,245
Pittsburgh Ward 10 Dist 18,552,284,5,296
Pittsburgh Ward 10 Dist 19,456,229,4,236
Pittsburgh Ward 11 Dist 1,643,348,21,372
Pittsburgh Ward 11 Dist 2,547,275,11,288
Pittsburgh Ward 11 Dist 3,423,186,4,192
Pittsburgh Ward 11 Dist 4,489,214,9,227
Pittsburgh Ward 11 Dist 5,566,264,11,282
Pittsburgh Ward 11 Dist 6,854,427,32,468
Pittsburgh Ward 11 Dist 7,681,415,49,468
Pittsburgh Ward 11 Dist 8,591,336,32,369
Pittsburgh Ward 11 Dist 9,682,430,28,466
Pittsburgh Ward 11 Dist 10,577,403,35,446
Pittsburgh Ward 11 Dist 11,643,359,27,387
Pittsburgh Ward 11 Dist 12,704,434,33,474
Pittsburgh Ward 11 Dist 13,715,471,27,505
Pittsburgh Ward 11 Dist 14,628,265,12,279
Pittsburgh Ward 11 Dist 15,420,138,0,138
Pittsburgh Ward 11 Dist 16,598,270,14,289
Pittsburgh Ward 11 Dist 17,674,343,10,355
Pittsburgh Ward 11 Dist 18,595,258,16,276
Pittsburgh Ward 12 Dist 1,198,49,1,50
Pittsburgh Ward 12 Dist 2,311,111,3,115
Pittsburgh Ward 12 Dist 3,165,58,0,58
Pittsburgh Ward 12 Dist 4,323,151,2,153
Pittsburgh Ward 12 Dist 5,139,38,3,41
Pittsburgh Ward 12 Dist 6,191,75,0,77
Pittsburgh Ward 12 Dist 7,303,108,4,113
Pittsburgh Ward 12 Dist 8,201,72,1,73
Pittsburgh Ward 12 Dist 9,289,116,3,120
Pittsburgh Ward 12 Dist 10,406,181,5,190
Pittsburgh Ward 12 Dist 11,430,186,4,192
Pittsburgh Ward 12 Dist 12,684,254,7,267
Pittsburgh Ward 12 Dist 13,360,168,5,176
Pittsburgh Ward 12 Dist 14,288,113,1,118
Pittsburgh Ward 12 Dist 15,525,253,4,258
Pittsburgh Ward 12 Dist 16,279,144,2,147
Pittsburgh Ward 13 Dist 1,336,149,0,150
Pittsburgh Ward 13 Dist 2,344,127,1,128
Pittsburgh Ward 13 Dist 3,284,105,0,105
Pittsburgh Ward 13 Dist 4,286,106,1,109
Pittsburgh Ward 13 Dist 5,294,119,1,122
Pittsburgh Ward 13 Dist 6,342,137,2,141
Pittsburgh Ward 13 Dist 7,341,111,1,115
Pittsburgh Ward 13 Dist 8,291,107,1,109
Pittsburgh Ward 13 Dist 9,283,97,4,103
Pittsburgh Ward 13 Dist 10,181,69,5,74
Pittsburgh Ward 13 Dist 11,370,95,2,98
Pittsburgh Ward 13 Dist 12,373,153,3,158
Pittsburgh Ward 13 Dist 13,265,95,1,99
Pittsburgh Ward 13 Dist 14,233,84,4,88
Pittsburgh Ward 13 Dist 15,281,111,6,120
Pittsburgh Ward 13 Dist 16,271,123,4,128
Pittsburgh Ward 13 Dist 17,803,229,7,239
Pittsburgh Ward 13 Dist 18,257,58,0,61
Pittsburgh Ward 13 Dist 19,480,258,4,264
Pittsburgh Ward 14 Dist 1,884,309,21,344
Pittsburgh Ward 14 Dist 2,1391,453,31,492
Pittsburgh Ward 14 Dist 3,980,565,36,606
Pittsburgh Ward 14 Dist 4,809,467,32,508
Pittsburgh Ward 14 Dist 5,833,509,35,548
Pittsburgh Ward 14 Dist 6,616,283,33,317
Pittsburgh Ward 14 Dist 7,3604,549,29,585
Pittsburgh Ward 14 Dist 8,893,425,35,464
Pittsburgh Ward 14 Dist 9,768,508,53,567
Pittsburgh Ward 14 Dist 10,727,472,42,521
Pittsburgh Ward 14 Dist 11,834,530,44,581
Pittsburgh Ward 14 Dist 12,842,433,20,463
Pittsburgh Ward 14 Dist 13,767,465,18,493
Pittsburgh Ward 14 Dist 14,910,527,49,584
Pittsburgh Ward 14 Dist 15,773,459,34,497
Pittsburgh Ward 14 Dist 16,491,317,44,362
Pittsburgh Ward 14 Dist 17,473,332,36,371
Pittsburgh Ward 14 Dist 18,742,505,32,540
Pittsburgh Ward 14 Dist 19,621,447,26,480
Pittsburgh Ward 14 Dist 20,623,367,28,404
Pittsburgh Ward 14 Dist 21,601,391,20,411
Pittsburgh Ward 14 Dist 22,730,454,23,480
Pittsburgh Ward 14 Dist 23,742,432,35,468
Pittsburgh Ward 14 Dist 24,551,322,25,353
Pittsburgh Ward 14 Dist 25,973,585,81,674
Pittsburgh Ward 14 Dist 26,602,369,35,412
Pittsburgh Ward 14 Dist 27,538,353,65,424
Pittsburgh Ward 14 Dist 28,542,297,87,391
Pittsburgh Ward 14 Dist 29,822,455,58,520
Pittsburgh Ward 14 Dist 30,698,422,39,469
Pittsburgh Ward 14 Dist 31,1217,759,92,860
Pittsburgh Ward 14 Dist 32,810,392,29,427
Pittsburgh Ward 14 Dist 33,848,398,68,471
Pittsburgh Ward 14 Dist 34,919,388,67,464
Pittsburgh Ward 14 Dist 35,647,350,30,383
Pittsburgh Ward 14 Dist 36,847,417,25,449
Pittsburgh Ward 14 Dist 37,633,309,41,352
Pittsburgh Ward 14 Dist 38,612,331,30,364
Pittsburgh Ward 14 Dist 39,652,349,34,389
Pittsburgh Ward 14 Dist 40,634,295,28,324
Pittsburgh Ward 14 Dist 41,79,43,9,53
Pittsburgh Ward 15 Dist 1,607,286,45,337
Pittsburgh Ward 15 Dist 2,729,367,51,427
Pittsburgh Ward 15 Dist 3,642,331,50,394
Pittsburgh Ward 15 Dist 4,652,363,43,415
Pittsburgh Ward 15 Dist 5,551,281,51,335
Pittsburgh Ward 15 Dist 6,516,315,51,376
Pittsburgh Ward 15 Dist 7,718,388,70,469
Pittsburgh Ward 15 Dist 8,585,325,53,388
Pittsburgh Ward 15 Dist 9,164,80,12,95
Pittsburgh Ward 15 Dist 10,613,339,59,404
Pittsburgh Ward 15 Dist 11,550,267,79,356
Pittsburgh Ward 15 Dist 12,468,238,52,292
Pittsburgh Ward 15 Dist 13,458,176,15,194
Pittsburgh Ward 15 Dist 14,275,99,14,118
Pittsburgh Ward 15 Dist 15,337,89,29,121
Pittsburgh Ward 15 Dist 16,500,214,26,243
Pittsburgh Ward 15 Dist 17,26,11,0,12
Pittsburgh Ward 15 Dist 18,547,193,20,218
Pittsburgh Ward 15 Dist 19,441,144,8,161
Pittsburgh Ward 16 Dist 1,955,409,61,475
Pittsburgh Ward 16 Dist 2,1257,509,80,604
Pittsburgh Ward 16 Dist 3,985,411,90,513
Pittsburgh Ward 16 Dist 4,408,169,32,204
Pittsburgh Ward 16 Dist 5,646,264,54,324
Pittsburgh Ward 16 Dist 6,491,217,48,271
Pittsburgh Ward 16 Dist 7,419,144,37,183
Pittsburgh Ward 16 Dist 8,171,34,2,38
Pittsburgh Ward 16 Dist 9,464,171,51,226
Pittsburgh Ward 16 Dist 10,357,131,49,184
Pittsburgh Ward 16 Dist 11,375,128,28,159
Pittsburgh Ward 17 Dist 1,323,112,30,148
Pittsburgh Ward 17 Dist 2,857,376,53,436
Pittsburgh Ward 17 Dist 3,593,257,51,312
Pittsburgh Ward 17 Dist 4,835,391,65,468
Pittsburgh Ward 17 Dist 5,613,287,32,330
Pittsburgh Ward 17 Dist 6,431,142,34,181
Pittsburgh Ward 17 Dist 7,406,188,30,223
Pittsburgh Ward 17 Dist 8,440,199,28,234
Pittsburgh Ward 18 Dist 1,572,270,101,377
Pittsburgh Ward 18 Dist 2,387,180,4,186
Pittsburgh Ward 18 Dist 3,348,143,0,148
Pittsburgh Ward 18 Dist 4,438,194,12,209
Pittsburgh Ward 18 Dist 5,935,405,90,505
Pittsburgh Ward 18 Dist 6,378,152,17,170
Pittsburgh Ward 18 Dist 7,459,174,42,227
Pittsburgh Ward 18 Dist 8,264,93,7,102
Pittsburgh Ward 18 Dist 9,692,229,34,268
Pittsburgh Ward 18 Dist 10,66,27,8,35
Pittsburgh Ward 18 Dist 11,521,183,22,212
Pittsburgh Ward 19 Dist 1,554,273,91,366
Pittsburgh Ward 19 Dist 2,729,298,92,398
Pittsburgh Ward 19 Dist 3,518,235,82,322
Pittsburgh Ward 19 Dist 4,401,188,53,248
Pittsburgh Ward 19 Dist 5,421,194,62,261
Pittsburgh Ward 19 Dist 6,505,197,64,270
Pittsburgh Ward 19 Dist 7,224,101,18,122
Pittsburgh Ward 19 Dist 8,581,253,66,326
Pittsburgh Ward 19 Dist 9,560,210,51,264
Pittsburgh Ward 19 Dist 10,667,232,75,311
Pittsburgh Ward 19 Dist 11,470,163,59,227
Pittsburgh Ward 19 Dist 12,401,190,89,282
Pittsburgh Ward 19 Dist 13,491,181,34,219
Pittsburgh Ward 19 Dist 14,559,235,55,293
Pittsburgh Ward 19 Dist 15,628,275,68,349
Pittsburgh Ward 19 Dist 16,608,273,44,322
Pittsburgh Ward 19 Dist 17,561,281,63,351
Pittsburgh Ward 19 Dist 18,445,207,25,240
Pittsburgh Ward 19 Dist 19,512,233,60,300
Pittsburgh Ward 19 Dist 20,510,214,86,309
Pittsburgh Ward 19 Dist 21,662,325,58,392
Pittsburgh Ward 19 Dist 22,558,258,58,330
Pittsburgh Ward 19 Dist 23,590,254,83,344
Pittsburgh Ward 19 Dist 24,486,228,62,300
Pittsburgh Ward 19 Dist 25,524,268,81,363
Pittsburgh Ward 19 Dist 26,463,223,60,289
Pittsburgh Ward 19 Dist 27,469,187,72,265
Pittsburgh Ward 19 Dist 28,642,393,84,487
Pittsburgh Ward 19 Dist 29,500,233,81,318
Pittsburgh Ward 19 Dist 30,513,259,76,339
Pittsburgh Ward 19 Dist 31,468,225,93,323
Pittsburgh Ward 19 Dist 32,531,290,83,381
Pittsburgh Ward 19 Dist 33,472,197,97,302
Pittsburgh Ward 19 Dist 34,539,260,78,340
Pittsburgh Ward 19 Dist 35,510,225,88,318
Pittsburgh Ward 19 Dist 36,654,296,109,415
Pittsburgh Ward 19 Dist 37,443,192,67,264
Pittsburgh Ward 19 Dist 38,553,246,79,331
Pittsburgh Ward 20 Dist 1,613,243,138,395
Pittsburgh Ward 20 Dist 2,215,85,42,131
Pittsburgh Ward 20 Dist 3,693,317,120,444
Pittsburgh Ward 20 Dist 4,78,32,6,38
Pittsburgh Ward 20 Dist 5,540,227,72,306
Pittsburgh Ward 20 Dist 6,514,172,50,235
Pittsburgh Ward 20 Dist 7,656,241,45,291
Pittsburgh Ward 20 Dist 8,702,252,67,326
Pittsburgh Ward 20 Dist 9,212,66,16,85
Pittsburgh Ward 20 Dist 10,603,204,28,237
Pittsburgh Ward 20 Dist 11,695,205,33,242
Pittsburgh Ward 20 Dist 12,911,340,88,435
Pittsburgh Ward 20 Dist 13,416,207,16,227
Pittsburgh Ward 20 Dist 14,860,337,87,438
Pittsburgh Ward 20 Dist 15,929,359,91,457
Pittsburgh Ward 20 Dist 16,627,265,154,422
Pittsburgh Ward 20 Dist 17,410,194,89,291
Pittsburgh Ward 20 Dist 18,494,196,123,324
Pittsburgh Ward 21 Dist 1,491,184,20,209
Pittsburgh Ward 21 Dist 2,475,258,15,277
Pittsburgh Ward 21 Dist 3,608,282,10,298
Pittsburgh Ward 21 Dist 4,566,288,19,314
Pittsburgh Ward 22 Dist 1,763,411,57,474
Pittsburgh Ward 22 Dist 2,679,380,34,422
Pittsburgh Ward 22 Dist 3,690,341,30,377
Pittsburgh Ward 22 Dist 4,921,294,40,345
Pittsburgh Ward 23 Dist 1,1288,478,74,567
Pittsburgh Ward 23 Dist 2,798,394,38,443
Pittsburgh Ward 23 Dist 3,379,134,26,164
Pittsburgh Ward 24 Dist 1,418,172,48,224
Pittsburgh Ward 24 Dist 2,416,179,56,240
Pittsburgh Ward 24 Dist 3,323,134,29,165
Pittsburgh Ward 24 Dist 4,562,295,62,364
Pittsburgh Ward 24 Dist 5,507,209,41,255
Pittsburgh Ward 24 Dist 6,532,253,57,315
Pittsburgh Ward 25 Dist 1,433,246,8,260
Pittsburgh Ward 25 Dist 2,422,183,16,208
Pittsburgh Ward 25 Dist 3,565,263,16,284
Pittsburgh Ward 25 Dist 4,291,112,2,114
Pittsburgh Ward 25 Dist 5,373,162,15,181
Pittsburgh Ward 25 Dist 6,365,108,10,119
Pittsburgh Ward 25 Dist 7,389,172,50,228
Pittsburgh Ward 26 Dist 1,508,220,17,241
Pittsburgh Ward 26 Dist 2,401,183,5,192
Pittsburgh Ward 26 Dist 3,421,182,16,200
Pittsburgh Ward 26 Dist 4,395,153,23,176
Pittsburgh Ward 26 Dist 5,473,95,4,104
Pittsburgh Ward 26 Dist 6,374,73,2,75
Pittsburgh Ward 26 Dist 7,277,106,7,113
Pittsburgh Ward 26 Dist 8,585,132,33,167
Pittsburgh Ward 26 Dist 9,365,168,60,230
Pittsburgh Ward 26 Dist 10,659,337,30,373
Pittsburgh Ward 26 Dist 11,675,339,39,381
Pittsburgh Ward 26 Dist 12,471,198,39,240
Pittsburgh Ward 26 Dist 13,576,245,64,317
Pittsburgh Ward 26 Dist 14,581,266,117,387
Pittsburgh Ward 26 Dist 15,498,220,71,299
Pittsburgh Ward 26 Dist 16,713,345,53,403
Pittsburgh Ward 26 Dist 17,193,67,31,100
Pittsburgh Ward 27 Dist 1,803,399,119,530
Pittsburgh Ward 27 Dist 2,672,350,108,470
Pittsburgh Ward 27 Dist 3,550,272,64,344
Pittsburgh Ward 27 Dist 4,794,356,97,470
Pittsburgh Ward 27 Dist 5,732,384,95,483
Pittsburgh Ward 27 Dist 6,785,304,77,395
Pittsburgh Ward 27 Dist 7,596,324,58,384
Pittsburgh Ward 27 Dist 8,593,247,55,314
Pittsburgh Ward 27 Dist 9,572,192,50,247
Pittsburgh Ward 27 Dist 10,637,248,39,293
Pittsburgh Ward 27 Dist 11,612,215,41,264
Pittsburgh Ward 27 Dist 12,570,207,43,255
Pittsburgh Ward 27 Dist 13,538,237,40,286
Pittsburgh Ward 28 Dist 1,663,266,122,397
Pittsburgh Ward 28 Dist 2,503,180,50,237
Pittsburgh Ward 28 Dist 3,874,391,166,561
Pittsburgh Ward 28 Dist 4,638,266,126,402
Pittsburgh Ward 28 Dist 5,678,298,78,385
Pittsburgh Ward 28 Dist 6,542,264,77,345
Pittsburgh Ward 28 Dist 7,624,200,51,256
Pittsburgh Ward 28 Dist 8,868,432,128,571
Pittsburgh Ward 28 Dist 9,615,306,57,367
Pittsburgh Ward 28 Dist 10,573,182,27,213
Pittsburgh Ward 28 Dist 11,122,62,8,70
Pittsburgh Ward 29 Dist 1,606,183,115,305
Pittsburgh Ward 29 Dist 2,518,224,79,309
Pittsburgh Ward 29 Dist 3,505,173,66,246
Pittsburgh Ward 29 Dist 4,504,162,91,258
Pittsburgh Ward 29 Dist 5,541,171,63,239
Pittsburgh Ward 29 Dist 6,623,224,95,323
Pittsburgh Ward 29 Dist 7,653,286,94,386
Pittsburgh Ward 29 Dist 8,543,167,66,239
Pittsburgh Ward 29 Dist 9,453,143,46,196
Pittsburgh Ward 29 Dist 10,537,235,77,317
Pittsburgh Ward 29 Dist 11,659,261,106,377
Pittsburgh Ward 29 Dist 12,560,185,66,255
Pittsburgh Ward 30 Dist 1,402,125,18,145
Pittsburgh Ward 30 Dist 2,366,152,13,167
Pittsburgh Ward 30 Dist 3,350,65,11,79
Pittsburgh Ward 30 Dist 4,598,191,38,238
Pittsburgh Ward 30 Dist 5,646,217,35,256
Pittsburgh Ward 31 Dist 1,214,61,37,101
Pittsburgh Ward 31 Dist 2,448,174,137,316
Pittsburgh Ward 31 Dist 3,515,211,122,344
Pittsburgh Ward 31 Dist 4,572,214,151,370
Pittsburgh Ward 31 Dist 5,679,295,170,473
Pittsburgh Ward 31 Dist 6,536,180,159,343
Pittsburgh Ward 31 Dist 7,131,69,10,80
Pittsburgh Ward 32 Dist 1,493,159,133,297
Pittsburgh Ward 32 Dist 2,647,208,126,344
Pittsburgh Ward 32 Dist 3,553,233,94,334
Pittsburgh Ward 32 Dist 4,340,141,44,188
Pittsburgh Ward 32 Dist 5,569,291,85,385
Pittsburgh Ward 32 Dist 6,617,225,147,379
Pittsburgh Ward 32 Dist 7,591,274,83,368
Pittsburgh Ward 32 Dist 8,639,276,144,428
Pleasant Hl Dist 1,706,294,154,452
Pleasant Hl Dist 2,565,242,149,394
Pleasant Hl Dist 3,583,259,154,421
Pleasant Hl Dist 4,541,230,139,373
Pleasant Hl Dist 5,689,276,155,440
Pleasant Hl Dist 6,988,410,285,707
Pleasant Hl Dist 7,536,240,114,359
Pleasant Hl Dist 8,534,199,157,364
Pleasant Hl Dist 9,658,263,199,470
Pleasant Hl Dist 10,503,190,146,342
Plum Dist 1,1805,687,503,1215
Plum Dist 2,632,205,189,403
Plum Dist 3,1030,470,245,725
Plum Dist 4,842,295,276,584
Plum Dist 5,878,321,230,563
Plum Dist 6,1285,483,424,922
Plum Dist 7,1245,472,350,835
Plum Dist 8,594,223,175,411
Plum Dist 9,1137,489,328,827
Plum Dist 10,608,211,172,389
Plum Dist 11,813,339,225,568
Plum Dist 12,1139,493,327,831
Plum Dist 13,567,217,168,389
Plum Dist 14,746,235,179,423
Plum Dist 15,890,308,175,493
Plum Dist 16,610,223,182,412
Plum Dist 17,688,270,151,427
Plum Dist 18,820,321,251,583
Plum Dist 19,2085,745,633,1399
Plum Dist 20,989,321,286,614
Plum Dist 21,430,108,175,290
Port Vue Dist 1,575,162,116,287
Port Vue Dist 2,508,160,121,285
Port Vue Dist 3,513,206,149,364
Port Vue Dist 4,692,233,203,439
Rankin Ward 1,341,52,5,60
Rankin Ward 2,402,167,12,180
Rankin Ward 3,430,121,10,133
Reserve Ward 1,529,260,85,357
Reserve Ward 2,557,259,130,398
Reserve Ward 3,537,251,118,379
Reserve Ward 4,830,358,204,569
Richland Dist 1,1215,460,382,859
Richland Dist 2,1199,432,338,786
Richland Dist 3,1166,443,346,797
Richland Dist 4,1156,436,375,834
Richland Dist 5,1059,357,343,712
Richland Dist 6,1128,418,390,819
Richland Dist 7,1174,424,405,848
Richland Dist 8,924,305,295,617
Robinson Dist 1,1668,682,450,1148
Robinson Dist 2,1212,498,348,867
Robinson Dist 3,706,284,185,477
Robinson Dist 4,984,405,244,662
Robinson Dist 5,605,269,165,440
Robinson Dist 6,887,299,203,516
Robinson Dist 7,1394,574,440,1026
Robinson Dist 8,1794,634,375,1039
Robinson Dist 9,2556,968,585,1586
Ross Ward 1 Dist 1,746,316,210,539
Ross Ward 1 Dist 2,626,301,143,447
Ross Ward 1 Dist 3,507,202,123,334
Ross Ward 1 Dist 4,842,384,214,605
Ross Ward 2 Dist 1,1265,524,271,814
Ross Ward 2 Dist 2,924,417,268,699
Ross Ward 2 Dist 3,708,337,183,525
Ross Ward 3 Dist 1,685,324,149,478
Ross Ward 3 Dist 2,717,356,168,536
Ross Ward 3 Dist 3,563,242,135,381
Ross Ward 3 Dist 4,683,309,173,490
Ross Ward 4 Dist 1,867,390,211,610
Ross Ward 4 Dist 2,1062,474,253,741
Ross Ward 4 Dist 3,714,318,202,530
Ross Ward 4 Dist 4,785,325,199,535
Ross Ward 5 Dist 1,612,273,168,447
Ross Ward 5 Dist 2,417,187,97,290
Ross Ward 5 Dist 3,779,308,196,507
Ross Ward 5 Dist 4,759,356,185,551
Ross Ward 6 Dist 1,488,248,94,348
Ross Ward 6 Dist 2,990,452,184,655
Ross Ward 6 Dist 3,670,300,133,444
Ross Ward 6 Dist 4,603,259,127,392
Ross Ward 7 Dist 1,595,244,153,406
Ross Ward 7 Dist 2,607,213,104,321
Ross Ward 7 Dist 3,719,319,168,492
Ross Ward 7 Dist 4,600,240,151,395
Ross Ward 8 Dist 1,1610,675,303,1004
Ross Ward 8 Dist 2,509,206,102,312
Ross Ward 8 Dist 3,563,281,142,429
Ross Ward 9 Dist 1,821,360,265,632
Ross Ward 9 Dist 2,970,446,228,687
Ross Ward 9 Dist 3,785,328,212,556
Rosslyn Farms,417,195,111,311
Scott Ward 1 Dist 1,577,197,98,302
Scott Ward 1 Dist 2,659,213,98,320
Scott Ward 2 Dist 1,475,232,81,317
Scott Ward 2 Dist 2,658,281,171,458
Scott Ward 3 Dist 1,524,246,121,372
Scott Ward 3 Dist 2,691,284,163,453
Scott Ward 4 Dist 1,763,394,147,550
Scott Ward 4 Dist 2,624,321,139,465
Scott Ward 5 Dist 1,601,242,117,372
Scott Ward 5 Dist 2,708,339,164,511
Scott Ward 6 Dist 1,648,256,134,396
Scott Ward 6 Dist 2,808,385,168,563
Scott Ward 7 Dist 1,924,455,171,637
Scott Ward 7 Dist 2,634,302,164,477
Scott Ward 8 Dist 1,513,235,142,389
Scott Ward 8 Dist 2,1068,477,279,769
Scott Ward 9 Dist 1,350,141,42,190
Scott Ward 9 Dist 2,342,150,60,214
Sewickley Ward 1,958,426,174,615
Sewickley Ward 2 Dist 1,553,211,115,331
Sewickley Ward 2 Dist 2,592,251,122,385
Sewickley Ward 3,1042,457,199,673
Sewickley Hts,786,264,238,509
Sewickley Hills,578,243,169,418
Shaler Ward 1 Dist 1,522,249,128,392
Shaler Ward 1 Dist 2,528,234,128,367
Shaler Ward 1 Dist 3,561,200,140,345
Shaler Ward 1 Dist 4,598,299,142,450
Shaler Ward 1 Dist 5,650,275,121,404
Shaler Ward 2 Dist 1,1050,459,292,767
Shaler Ward 2 Dist 2,762,329,224,560
Shaler Ward 2 Dist 3,607,275,112,394
Shaler Ward 2 Dist 4,777,376,191,578
Shaler Ward 2 Dist 5,368,163,92,257
Shaler Ward 3 Dist 1,604,291,155,454
Shaler Ward 3 Dist 2,594,282,163,453
Shaler Ward 3 Dist 3,586,234,183,419
Shaler Ward 3 Dist 4,723,327,214,545
Shaler Ward 3 Dist 5,669,274,203,492
Shaler Ward 4 Dist 1,836,373,195,585
Shaler Ward 4 Dist 2,467,197,100,306
Shaler Ward 4 Dist 3,650,299,180,488
Shaler Ward 4 Dist 4,649,303,177,480
Shaler Ward 4 Dist 5,506,239,120,363
Shaler Ward 5 Dist 1,757,336,242,583
Shaler Ward 5 Dist 2,679,311,187,507
Shaler Ward 5 Dist 3,557,265,146,420
Shaler Ward 5 Dist 4,363,161,93,259
Shaler Ward 5 Dist 5,787,326,208,544
Shaler Ward 6 Dist 1,642,306,155,467
Shaler Ward 6 Dist 2,710,299,190,501
Shaler Ward 6 Dist 3,553,248,185,437
Shaler Ward 6 Dist 4,334,165,92,257
Shaler Ward 6 Dist 5,543,266,136,405
Shaler Ward 7 Dist 1,592,279,127,419
Shaler Ward 7 Dist 2,770,317,190,512
Shaler Ward 7 Dist 3,644,252,157,414
Shaler Ward 7 Dist 4,1019,448,254,715
Sharpsburg Dist 1,593,239,65,309
Sharpsburg Dist 2,834,319,99,427
Sharpsburg Dist 3,852,304,161,477
S Fayette Dist 1,586,259,168,431
S Fayette Dist 2,1147,403,357,770
S Fayette Dist 3,1866,717,478,1219
S Fayette Dist 4,884,330,223,562
S Fayette Dist 5,990,377,263,647
S Fayette Dist 6,1273,477,322,809
S Fayette Dist 7,695,253,180,442
S Fayette Dist 8,1547,658,421,1091
S Fayette Dist 9,666,212,147,362
S Fayette Dist 10,775,321,199,534
S Fayette Dist 11,1093,378,293,684
S Fayette Dist 12,863,363,232,605
South Park Dist 1,772,266,252,537
South Park Dist 2,783,291,234,533
South Park Dist 3,668,237,186,435
South Park Dist 4,833,336,187,539
South Park Dist 5,739,308,193,512
South Park Dist 6,928,345,227,580
South Park Dist 7,1097,436,282,727
South Park Dist 8,513,220,148,373
South Park Dist 9,857,314,227,548
South Park Dist 10,865,322,264,598
South Park Dist 11,569,182,149,343
South Park Dist 12,595,237,179,423
South Park Dist 13,1081,392,343,740
S Versailles,217,62,101,164
Springdale Br Dist 1,690,232,172,411
Springdale Br Dist 2,597,215,193,415
Springdale Br Dist 3,545,195,128,331
Springdale Br Dist 4,465,153,120,280
Springdale Twp,1187,453,365,827
Stowe Ward 1,434,130,44,179
Stowe Ward 2 Dist 1,174,49,18,69
Stowe Ward 2 Dist 2,678,231,97,336
Stowe Ward 3,351,104,50,159
Stowe Ward 4 Dist 1,342,129,71,204
Stowe Ward 4 Dist 2,372,151,103,256
Stowe Ward 5,438,137,44,182
Stowe Ward 6,445,133,32,170
Stowe Ward 7,301,66,15,84
Stowe Ward 8,402,73,33,113
Stowe Ward 9,290,84,17,104
Swissvale Dist 1,849,335,49,389
Swissvale Dist 2,746,337,30,372
Swissvale Dist 3,662,304,26,335
Swissvale Dist 4,612,286,54,347
Swissvale Dist 5,758,412,53,473
Swissvale Dist 6,390,161,12,177
Swissvale Dist 7,681,391,64,461
Swissvale Dist 8,728,373,47,426
Swissvale Dist 9,689,380,27,416
Swissvale Dist 10,247,93,8,104
Swissvale Dist 11,698,473,43,526
Tarentum Ward 1 Dist 1,662,168,124,303
Tarentum Ward 1 Dist 2,466,198,102,306
Tarentum Ward 2,529,146,105,260
Tarentum Ward 3 Dist 1,282,70,58,130
Tarentum Ward 3 Dist 2,572,136,133,274
Thornburg,404,216,102,320
Pennsbury Vill,593,270,111,387
Trafford,57,22,13,35
Turtle Creek Ward 1 Dist 1,836,318,163,486
Turtle Creek Ward 1 Dist 2,429,136,64,204
Turtle Creek Ward 2 Dist 1,705,243,66,314
Turtle Creek Ward 2 Dist 2,299,98,32,134
Turtle Creek Ward 3 Dist 1,564,179,64,248
Turtle Creek Ward 3 Dist 2,456,164,77,245
Up St Clair Ward 1 Dist 1,727,345,149,503
Up St Clair Ward 1 Dist 2,824,365,211,590
Up St Clair Ward 1 Dist 3,1153,514,315,843
Up St Clair Ward 1 Dist 4,834,397,171,575
Up St Clair Ward 2 Dist 1,1016,438,250,700
Up St Clair Ward 2 Dist 2,722,303,192,506
Up St Clair Ward 2 Dist 3,1051,465,240,723
Up St Clair Ward 2 Dist 4,546,263,137,403
Up St Clair Ward 3 Dist 1,1027,438,256,704
Up St Clair Ward 3 Dist 2,862,375,225,611
Up St Clair Ward 3 Dist 3,1209,483,335,828
Up St Clair Ward 4 Dist 1,1042,451,270,740
Up St Clair Ward 4 Dist 2,780,320,201,529
Up St Clair Ward 4 Dist 3,641,286,170,460
Up St Clair Ward 4 Dist 4,1115,462,269,742
Up St Clair Ward 5 Dist 1,1348,559,375,946
Up St Clair Ward 5 Dist 2,833,367,244,617
Up St Clair Ward 5 Dist 3,900,411,224,645
Verona Dist 1,518,197,74,273
Verona Dist 2,591,251,107,369
Verona Dist 3,594,239,120,362
Versailles Dist 1,545,163,112,282
Versailles Dist 2,447,151,71,228
Wall,297,77,52,130
West Deer Dist 1,1490,480,534,1031
West Deer Dist 2,615,171,245,425
West Deer Dist 3,815,233,257,503
West Deer Dist 4,839,347,258,614
West Deer Dist 5,884,271,301,580
West Deer Dist 6,772,271,263,541
West Deer Dist 7,1804,667,596,1292
West Deer Dist 8,1566,647,512,1169
W Elizabeth,249,74,66,141
W Homestead Dist 1,416,147,26,178
W Homestead Dist 2,463,198,153,353
W Homestead Dist 3,518,216,140,362
West Mifflin Dist 1,695,254,157,421
West Mifflin Dist 2,469,218,46,267
West Mifflin Dist 3,475,204,86,300
West Mifflin Dist 4,444,76,6,83
West Mifflin Dist 5,831,366,190,569
West Mifflin Dist 6,322,116,83,203
West Mifflin Dist 7,762,288,190,487
West Mifflin Dist 8,578,238,62,302
West Mifflin Dist 9,781,339,128,478
West Mifflin Dist 10,512,197,134,339
West Mifflin Dist 11,781,263,165,440
West Mifflin Dist 12,1002,343,204,555
West Mifflin Dist 13,543,188,116,306
West Mifflin Dist 14,883,351,249,613
West Mifflin Dist 15,595,261,136,404
West Mifflin Dist 16,1169,499,335,848
West Mifflin Dist 17,583,218,170,396
West Mifflin Dist 18,810,343,166,520
West Mifflin Dist 19,637,252,180,443
West Mifflin Dist 20,453,201,127,331
West Mifflin Dist 21,681,276,151,434
West View Dist 1,663,311,131,445
West View Dist 2,743,300,147,458
West View Dist 3,588,231,131,369
West View Dist 4,582,243,141,393
West View Dist 5,787,363,147,516
West View Dist 6,720,354,160,526
West View Dist 7,642,328,126,468
Whitaker Dist 1,432,184,76,263
Whitaker Dist 2,354,124,62,189
Whitehall Dist 1,551,231,155,390
Whitehall Dist 2,600,260,138,404
Whitehall Dist 3,740,307,206,523
Whitehall Dist 4,657,304,176,485
Whitehall Dist 5,704,320,151,476
Whitehall Dist 6,1046,236,60,302
Whitehall Dist 7,465,236,81,321
Whitehall Dist 8,794,373,204,583
Whitehall Dist 9,578,255,135,399
Whitehall Dist 10,634,266,164,438
Whitehall Dist 11,633,255,206,471
Whitehall Dist 12,586,238,147,388
Whitehall Dist 13,650,342,156,508
Whitehall Dist 14,607,275,139,420
Whitehall Dist 15,1008,456,263,732
Whitehall Dist 16,620,286,153,449
White Oak Dist 1,724,238,173,422
White Oak Dist 2,794,287,168,471
White Oak Dist 3,885,341,228,581
White Oak Dist 4,732,327,192,522
White Oak Dist 5,806,320,223,547
White Oak Dist 6,728,249,237,495
White Oak Dist 7,1091,391,300,704
Wilkins Ward 1 Dist 1,777,319,132,458
Wilkins Ward 1 Dist 2,659,330,136,474
Wilkins Ward 1 Dist 3,844,436,144,589
Wilkins Ward 1 Dist 4,662,328,119,448
Wilkins Ward 1 Dist 5,481,220,42,263
Wilkins Ward 2 Dist 1,642,304,117,438
Wilkins Ward 2 Dist 2,931,420,131,563
Wilkinsburg Ward 1 Dist 1,929,378,11,389
Wilkinsburg Ward 1 Dist 2,693,249,4,257
Wilkinsburg Ward 1 Dist 3,437,149,3,158
Wilkinsburg Ward 1 Dist 4,624,341,28,378
Wilkinsburg Ward 1 Dist 5,544,303,44,351
Wilkinsburg Ward 1 Dist 6,978,405,23,433
Wilkinsburg Ward 2 Dist 1,760,319,38,361
Wilkinsburg Ward 2 Dist 2,999,530,58,593
Wilkinsburg Ward 2 Dist 3,754,254,6,264
Wilkinsburg Ward 2 Dist 4,527,148,11,164
Wilkinsburg Ward 2 Dist 5,813,327,7,344
Wilkinsburg Ward 3 Dist 1,755,483,40,528
Wilkinsburg Ward 3 Dist 2,698,398,39,443
Wilkinsburg Ward 3 Dist 3,817,286,11,302
Wilkinsburg Ward 3 Dist 4,1054,519,47,577
Wilkinsburg Ward 3 Dist 5,1023,449,9,467
Wilkinsburg Ward 3 Dist 6,525,191,6,200
Wilmerding Dist 1,481,116,33,149
Wilmerding Dist 2,674,229,67,307