Precinct,Registered Voters,DEM John Fetterman,REP Mehmet Oz,Total
Aleppo,1379,506,461,984
Aspinwall Dist 1,864,439,171,618
Aspinwall Dist 2,574,285,98,386
Aspinwall Dist 3,852,430,166,607
Avalon Ward 1,1094,466,138,615
Avalon Ward 2 Dist 1,697,275,115,397
Avalon Ward 2 Dist 2,460,190,80,275
Avalon Ward 3 Dist 1,327,136,58,195
Avalon Ward 3 Dist 2,438,188,72,267
Avalon Ward 3 Dist 3,495,218,83,310
Baldwin Br Dist 1,613,242,157,402
Baldwin Br Dist 2,1014,444,263,727
Baldwin Br Dist 3,847,359,183,559
Baldwin Br Dist 4,770,284,212,508
Baldwin Br Dist 5,811,304,198,508
Baldwin Br Dist 6,747,268,211,493
Baldwin Br Dist 7,811,312,221,544
Baldwin Br Dist 8,732,298,209,515
Baldwin Br Dist 9,768,300,185,498
Baldwin Br Dist 10,1057,240,141,392
Baldwin Br Dist 11,1296,410,159,580
Baldwin Br Dist 12,635,257,171,434
Baldwin Br Dist 13,687,265,216,491
Baldwin Br Dist 14,615,211,193,416
Baldwin Br Dist 15,787,316,224,548
Baldwin Br Dist 16,908,356,217,583
Baldwin Br Dist 17,656,261,169,440
Baldwin Br Dist 18,932,359,230,603
Baldwin Tp Dist 1,803,338,237,583
Baldwin Tp Dist 2,735,289,196,488
Bell Acres,1203,418,401,843
Bellevue Ward 1 Dist 1,987,364,158,530
Bellevue Ward 1 Dist 2,941,410,151,573
Bellevue Ward 2 Dist 1,1111,434,154,604
Bellevue Ward 2 Dist 2,993,403,142,558
Bellevue Ward 3 Dist 1,1007,408,145,566
Bellevue Ward 3 Dist 2,962,386,186,582
Ben Avon Dist 1,478,260,102,366
Ben Avon Dist 2,998,490,216,720
Ben Avon Ht,340,156,98,262
Bethel Park Ward 1 Dist 1,859,305,273,586
Bethel Park Ward 1 Dist 2,772,324,198,533
Bethel Park Ward 1 Dist 3,824,312,271,590
Bethel Park Ward 2 Dist 1,728,269,247,526
Bethel Park Ward 2 Dist 2,943,349,316,677
Bethel Park Ward 2 Dist 3,1099,384,383,782
Bethel Park Ward 3 Dist 1,799,284,306,598
Bethel Park Ward 3 Dist 2,1103,420,375,804
Bethel Park Ward 3 Dist 3,1085,411,369,794
Bethel Park Ward 4 Dist 1,1317,468,459,944
Bethel Park Ward 4 Dist 2,801,317,258,585
Bethel Park Ward 4 Dist 3,883,325,263,599
Bethel Park Ward 5 Dist 1,694,235,225,470
Bethel Park Ward 5 Dist 2,636,226,185,420
Bethel Park Ward 5 Dist 3,1513,589,383,993
Bethel Park Ward 6 Dist 1,1310,443,438,895
Bethel Park Ward 6 Dist 2,954,363,309,683
Bethel Park Ward 6 Dist 3,885,336,301,650
Bethel Park Ward 7 Dist 1,1182,439,417,869
Bethel Park Ward 7 Dist 2,1244,451,361,830
Bethel Park Ward 7 Dist 3,754,285,243,539
Bethel Park Ward 8 Dist 1,569,222,171,401
Bethel Park Ward 8 Dist 2,537,200,81,292
Bethel Park Ward 8 Dist 3,1317,507,407,929
Bethel Park Ward 8 Dist 4,467,197,130,336
Bethel Park Ward 9 Dist 1,587,234,187,426
Bethel Park Ward 9 Dist 2,710,287,164,459
Bethel Park Ward 9 Dist 3,1397,505,476,993
Blawnox,1011,393,203,613
Brackenridge Ward 1,491,151,113,266
Brackenridge Ward 2,763,240,212,465
Brackenridge Ward 3,667,168,181,359
Braddock Ward 1,470,187,7,197
Braddock Ward 2,607,241,24,266
Braddock Ward 3,432,152,5,158
Braddock Hl Dist 1,780,302,101,418
Braddock Hl Dist 2,520,269,82,359
Bradford Woods,1015,375,350,745
Brentwood Dist 1,539,233,120,362
Brentwood Dist 2,742,269,154,434
Brentwood Dist 3,623,227,148,377
Brentwood Dist 4,798,310,172,487
Brentwood Dist 5,724,279,97,386
Brentwood Dist 6,690,241,99,346
Brentwood Dist 7,766,288,146,447
Brentwood Dist 8,727,303,191,501
Brentwood Dist 9,610,261,146,411
Brentwood Dist 10,537,165,152,324
Bridgeville Dist 1,789,263,186,461
Bridgeville Dist 2,864,300,195,500
Bridgeville Dist 3,861,289,265,567
Bridgeville Dist 4,983,392,243,652
Carnegie Ward 1 Dist 1,551,201,95,305
Carnegie Ward 1 Dist 2,1200,475,252,736
Carnegie Ward 1 Dist 3,882,342,192,554
Carnegie Ward 1 Dist 4,389,134,38,181
Carnegie Ward 2 Dist 1,655,237,125,375
Carnegie Ward 2 Dist 2,506,204,96,305
Carnegie Ward 2 Dist 3,507,202,150,364
Carnegie Ward 2 Dist 4,888,287,167,461
Casl Shannon Dist 1,1090,380,179,577
Casl Shannon Dist 2,806,333,193,539
Casl Shannon Dist 3,854,326,204,543
Casl Shannon Dist 4,661,256,144,406
Casl Shannon Dist 5,775,355,160,524
Casl Shannon Dist 6,644,278,155,443
Casl Shannon Dist 7,762,327,176,519
Casl Shannon Dist 8,546,234,144,381
Chalfant Dist 1,596,216,129,353
Cheswick Dist 1,619,230,195,436
Cheswick Dist 2,656,249,227,484
Churchill Dist 1,720,399,133,536
Churchill Dist 2,720,383,136,525
Churchill Dist 3,653,356,129,490
Churchill Dist 4,723,340,161,508
Clairton Ward 1 Dist 1,351,107,43,153
Clairton Ward 1 Dist 2,394,110,83,194
Clairton Ward 1 Dist 3,327,83,73,162
Clairton Ward 2 Dist 1,111,41,0,41
Clairton Ward 2 Dist 2,292,117,12,130
Clairton Ward 2 Dist 3,433,122,23,147
Clairton Ward 3 Dist 1,427,147,66,216
Clairton Ward 3 Dist 2,354,110,50,165
Clairton Ward 3 Dist 3,370,70,49,119
Clairton Ward 4 Dist 1,366,134,15,155
Clairton Ward 4 Dist 2,335,111,23,135
Clairton Ward 4 Dist 3,439,139,85,231
Collier Dist 1,1477,515,514,1050
Collier Dist 2,1374,433,545,1002
Collier Dist 3,1280,494,379,887
Collier Dist 4,759,309,185,503
Collier Dist 5,992,266,453,728
Collier Dist 6,1143,398,288,699
Coraopolis Ward 1 Dist 1,444,168,53,226
Coraopolis Ward 1 Dist 2,498,188,94,290
Coraopolis Ward 2,818,303,122,436
Coraopolis Ward 3 Dist 1,567,215,117,339
Coraopolis Ward 3 Dist 2,571,189,140,339
Coraopolis Ward 4 Dist 1,458,164,112,282
Coraopolis Ward 4 Dist 2,543,203,127,344
Crafton Ward 1 Dist 1,872,377,170,566
Crafton Ward 1 Dist 2,624,284,103,394
Crafton Ward 2 Dist 1,629,289,128,424
Crafton Ward 2 Dist 2,789,309,123,443
Crafton Ward 3 Dist 1,988,407,208,626
Crafton Ward 3 Dist 2,605,249,134,392
Crescent Ward 1,1076,342,348,698
Crescent Ward 2,686,204,229,440
Dormont Dist 1,733,320,110,437
Dormont Dist 2,536,285,105,403
Dormont Dist 3,931,463,125,600
Dormont Dist 4,653,330,100,433
Dormont Dist 5,1040,512,131,653
Dormont Dist 6,527,256,81,343
Dormont Dist 7,524,277,65,347
Dormont Dist 8,416,214,72,290
Dormont Dist 9,551,261,89,358
Dormont Dist 10,626,342,101,452
Dravosburg Dist 1,550,182,120,311
Dravosburg Dist 2,345,107,108,217
Dravosburg Dist 3,256,87,56,145
Duquesne Ward 1 Dist 1,436,178,65,245
Duquesne Ward 1 Dist 2,504,143,30,180
Duquesne Ward 1 Dist 3,291,93,7,102
Duquesne Ward 1 Dist 4,203,49,11,60
Duquesne Ward 2 Dist 1,322,110,9,121
Duquesne Ward 2 Dist 2,366,138,15,153
Duquesne Ward 2 Dist 3,435,136,45,186
Duquesne Ward 3 Dist 1,230,73,11,85
Duquesne Ward 3 Dist 2,155,50,5,55
Duquesne Ward 3 Dist 3,564,204,39,247
East Deer Ward 1,325,99,73,180
East Deer Ward 2,583,160,185,358
E McKeesport Dist 1,407,149,105,256
E McKeesport Dist 2,532,197,104,307
E McKeesport Dist 3,470,175,84,265
E Pittsburgh Ward 1,361,106,25,134
E Pittsburgh Ward 2,409,134,27,161
E Pittsburgh Ward 3,495,128,29,160
Edgewood Dist 1,1039,618,89,714
Edgewood Dist 2,954,583,94,681
Edgewood Dist 3,879,559,57,621
Edgeworth Dist 1,681,249,210,469
Edgeworth Dist 2,770,291,230,529
Elizabeth Br,894,232,247,493
Elizabeth Tp Ward 1 Dist 1,551,167,200,376
Elizabeth Tp Ward 1 Dist 2,934,267,358,632
Elizabeth Tp Ward 2,1308,383,510,917
Elizabeth Tp Ward 3,1347,372,532,934
Elizabeth Tp Ward 4 Dist 1,904,244,302,559
Elizabeth Tp Ward 4 Dist 2,443,119,199,325
Elizabeth Tp Ward 5 Dist 1,443,88,154,253
Elizabeth Tp Ward 5 Dist 2,816,226,262,499
Elizabeth Tp Ward 6 Dist 1,605,156,256,420
Elizabeth Tp Ward 6 Dist 2,720,162,299,473
Elizabeth Tp Ward 7,1250,405,423,839
Emsworth Dist 1,792,301,187,496
Emsworth Dist 2,1004,335,234,580
Etna Ward 1,839,339,162,513
Etna Ward 2,683,236,120,365
Etna Ward 3,732,297,173,483
Fawn Dist 1,556,128,241,373
Fawn Dist 2,938,231,377,621
Findlay Dist 1,1673,379,639,1049
Findlay Dist 2,1929,607,639,1273
Findlay Dist 3,1206,421,384,817
Forest Hills Dist 1,630,378,108,494
Forest Hills Dist 2,655,350,114,470
Forest Hills Dist 3,630,312,141,454
Forest Hills Dist 4,730,370,99,478
Forest Hills Dist 5,722,380,150,539
Forest Hills Dist 6,624,373,94,473
Forest Hills Dist 7,792,354,67,426
Forest Hills Dist 8,729,364,152,526
Forward Dist 1,360,66,171,243
Forward Dist 2,838,210,307,528
Forward Dist 3,386,107,145,258
Forward Dist 4,464,135,179,317
Fox Chapel Dist 1,874,383,243,637
Fox Chapel Dist 2,1052,440,286,736
Fox Chapel Dist 3,746,355,216,581
Fox Chapel Dist 4,1233,565,303,879
Fox Chapel Dist 5,986,348,334,688
Franklin Pk Ward 1 Dist 1,1189,385,410,816
Franklin Pk Ward 1 Dist 2,1475,509,478,993
Franklin Pk Ward 1 Dist 3,1304,524,409,947
Franklin Pk Ward 2 Dist 1,1276,482,427,927
Franklin Pk Ward 2 Dist 2,1302,473,441,922
Franklin Pk Ward 2 Dist 3,1431,591,471,1082
Franklin Pk Ward 3 Dist 1,1334,467,440,920
Franklin Pk Ward 3 Dist 2,793,314,261,587
Franklin Pk Ward 3 Dist 3,1301,504,451,975
Frazer,807,204,312,525
Glassport Dist 1,572,172,166,346
Glassport Dist 2,429,115,53,171
Glassport Dist 3,551,155,80,246
Glassport Dist 4,250,56,46,102
Glassport Dist 5,473,136,143,285
Glassport Dist 6,429,108,126,239
Glenfield,150,51,50,105
Green Tree Dist 1,793,348,229,586
Green Tree Dist 2,1062,453,334,799
Green Tree Dist 3,1038,421,277,708
Green Tree Dist 4,896,354,209,573
Hampton Dist 1,1199,455,414,880
Hampton Dist 2,1256,426,453,897
Hampton Dist 3,1363,486,466,965
Hampton Dist 4,640,202,215,432
Hampton Dist 5,714,280,223,513
Hampton Dist 6,664,233,220,462
Hampton Dist 7,1430,507,516,1041
Hampton Dist 8,946,379,302,694
Hampton Dist 9,1394,501,495,1018
Hampton Dist 10,1579,552,496,1061
Hampton Dist 11,1723,677,616,1309
Hampton Dist 12,900,359,297,664
Hampton Dist 13,753,303,247,558
Harmar Dist 1,1296,441,429,883
Harmar Dist 2,680,183,193,382
Harmar Dist 3,361,119,128,249
Harrison Ward 1 Dist 1,287,96,113,211
Harrison Ward 1 Dist 2,613,239,194,438
Harrison Ward 1 Dist 3,687,226,221,465
Harrison Ward 2 Dist 1,324,98,96,203
Harrison Ward 2 Dist 2,554,151,112,274
Harrison Ward 3 Dist 1,1074,366,376,760
Harrison Ward 3 Dist 2,654,221,219,457
Harrison Ward 4 Dist 1,690,205,245,464
Harrison Ward 4 Dist 2,605,170,185,368
Harrison Ward 5 Dist 1,505,157,67,229
Harrison Ward 5 Dist 2,791,225,252,490
Haysville,64,28,13,44
Heidelberg,926,343,203,565
Homestead Ward 1 Dist 1,530,200,52,258
Homestead Ward 1 Dist 2,347,129,8,137
Homestead Ward 2 Dist 1,433,162,10,173
Homestead Ward 2 Dist 2,289,128,13,143
Homestead Ward 3 Dist 1,437,137,24,163
Homestead Ward 3 Dist 2,268,110,4,114
Indiana Dist 1,966,329,293,632
Indiana Dist 2,871,294,306,610
Indiana Dist 3,1542,499,431,957
Indiana Dist 4,1149,477,357,843
Indiana Dist 5,949,365,299,682
Ingram Dist 1,862,361,174,546
Ingram Dist 2,628,256,125,396
Ingram Dist 3,918,360,211,586
Jefferson Hl Dist 1,1800,567,649,1241
Jefferson Hl Dist 2,832,192,305,506
Jefferson Hl Dist 3,707,229,247,487
Jefferson Hl Dist 4,646,175,195,378
Jefferson Hl Dist 5,2087,573,731,1319
Jefferson Hl Dist 6,1005,197,464,680
Jefferson Hl Dist 7,379,97,157,259
Jefferson Hl Dist 8,1375,461,502,980
Kennedy Dist 1,1479,521,535,1070
Kennedy Dist 2,866,311,187,506
Kennedy Dist 3,994,377,325,721
Kennedy Dist 4,467,203,123,333
Kennedy Dist 5,1437,545,451,1012
Kennedy Dist 6,956,352,221,593
Kennedy Dist 7,563,217,178,403
Kilbuck,610,254,210,473
Leet Dist 1,425,167,109,285
Leet Dist 2,804,324,254,593
Leetsdale,853,298,197,508
Liberty Dist 1,874,246,298,555
Liberty Dist 2,779,240,244,504
Lincoln,673,179,284,474
Marshall Dist 1,947,302,329,642
Marshall Dist 2,1204,369,449,836
Marshall Dist 3,823,274,283,564
Marshall Dist 4,1224,441,402,855
Marshall Dist 5,933,333,273,611
Marshall Dist 6,1006,352,352,714
Marshall Dist 7,1305,403,387,811
McCandless Ward 1 Dist 1,1171,427,397,831
McCandless Ward 1 Dist 2,805,313,195,525
McCandless Ward 1 Dist 3,1290,394,367,771
McCandless Ward 2 Dist 1,1418,567,396,979
McCandless Ward 2 Dist 2,879,332,322,664
McCandless Ward 2 Dist 3,881,305,311,624
McCandless Ward 3 Dist 1,961,426,280,721
McCandless Ward 3 Dist 2,1093,425,339,780
McCandless Ward 3 Dist 3,1117,426,385,826
McCandless Ward 4 Dist 1,1482,560,483,1060
McCandless Ward 4 Dist 2,960,345,271,634
McCandless Ward 4 Dist 3,739,289,274,572
McCandless Ward 5 Dist 1,874,299,335,647
McCandless Ward 5 Dist 2,1464,540,392,954
McCandless Ward 5 Dist 3,1035,457,251,717
McCandless Ward 6 Dist 1,480,194,158,361
McCandless Ward 6 Dist 2,1039,411,366,788
McCandless Ward 6 Dist 3,1883,758,553,1331
McCandless Ward 7 Dist 1,1676,593,491,1103
McCandless Ward 7 Dist 2,1012,411,312,734
McCandless Ward 7 Dist 3,529,204,177,388
McDonald,220,48,77,130
McKeesport Ward 1,11,1,0,1
McKeesport Ward 2,215,36,4,40
McKeesport Ward 3 Dist 1,288,88,7,96
McKeesport Ward 3 Dist 2,110,33,2,35
McKeesport Ward 4,286,75,3,79
McKeesport Ward 5,447,116,21,140
McKeesport Ward 6 Dist 1,342,72,19,92
McKeesport Ward 6 Dist 2,285,86,9,95
McKeesport Ward 7 Dist 1,451,179,19,202
McKeesport Ward 7 Dist 2,273,125,2,127
McKeesport Ward 7 Dist 3,325,89,24,115
McKeesport Ward 7 Dist 4,420,115,24,143
McKeesport Ward 7 Dist 5,522,168,41,214
McKeesport Ward 7 Dist 6,450,144,30,175
McKeesport Ward 7 Dist 7,354,127,13,140
McKeesport Ward 8 Dist 1,263,70,57,127
McKeesport Ward 8 Dist 2,508,190,67,260
McKeesport Ward 8 Dist 3,505,146,39,187
McKeesport Ward 8 Dist 4,456,132,107,242
McKeesport Ward 8 Dist 5,525,122,13,137
McKeesport Ward 8 Dist 6,207,49,48,99
McKeesport Ward 9 Dist 1,468,143,79,225
McKeesport Ward 9 Dist 2,549,177,81,265
McKeesport Ward 9 Dist 3,386,126,59,191
McKeesport Ward 10 Dist 1,295,72,37,113
McKeesport Ward 10 Dist 2,323,103,58,163
McKeesport Ward 11 Dist 1,411,130,86,221
McKeesport Ward 11 Dist 2,371,92,83,178
McKeesport Ward 11 Dist 3,265,116,37,154
McKeesport Ward 12 Dist 1,314,97,87,186
McKeesport Ward 12 Dist 2,350,118,106,226
McKeesport Ward 12 Dist 3,554,213,166,389
McKees Rocks Ward 1 Dist 1,263,38,5,43
McKees Rocks Ward 1 Dist 2,524,146,39,189
McKees Rocks Ward 2 Dist 1,630,162,63,227
McKees Rocks Ward 2 Dist 2,580,132,55,192
McKees Rocks Ward 3 Dist 1,748,240,118,369
McKees Rocks Ward 3 Dist 2,537,122,59,182
McKees Rocks Ward 3 Dist 3,542,169,60,235
Millvale Dist 1,491,205,69,276
Millvale Dist 2,461,163,85,254
Millvale Dist 3,429,194,52,253
Millvale Dist 4,449,175,84,267
Millvale Dist 5,515,220,78,305
Monroeville Ward 1 Dist 1,689,229,167,403
Monroeville Ward 1 Dist 2,637,252,190,448
Monroeville Ward 1 Dist 3,822,380,197,582
Monroeville Ward 1 Dist 4,890,282,118,404
Monroeville Ward 2 Dist 1,943,388,254,652
Monroeville Ward 2 Dist 2,998,416,249,678
Monroeville Ward 2 Dist 3,1058,420,284,717
Monroeville Ward 3 Dist 1,1191,427,334,775
Monroeville Ward 3 Dist 2,646,229,189,430
Monroeville Ward 3 Dist 3,979,408,251,673
Monroeville Ward 3 Dist 4,445,182,136,324
Monroeville Ward 4 Dist 1,651,274,171,457
Monroeville Ward 4 Dist 2,1050,365,288,668
Monroeville Ward 4 Dist 3,986,378,283,674
Monroeville Ward 5 Dist 1,580,182,186,371
Monroeville Ward 5 Dist 2,881,297,112,414
Monroeville Ward 5 Dist 3,938,341,213,561
Monroeville Ward 5 Dist 4,695,234,96,336
Monroeville Ward 6 Dist 1,824,332,214,553
Monroeville Ward 6 Dist 2,876,328,179,514
Monroeville Ward 6 Dist 3,1091,340,143,489
Monroeville Ward 6 Dist 4,387,150,44,199
Monroeville Ward 7 Dist 1,1474,638,284,939
Monroeville Ward 7 Dist 2,838,379,152,535
Monroeville Ward 7 Dist 3,664,273,162,443
Moon Dist 1,1206,316,256,581
Moon Dist 2,1821,669,587,1277
Moon Dist 3,1410,453,313,791
Moon Dist 4,800,247,268,527
Moon Dist 5,2539,821,825,1676
Moon Dist 6,2493,750,862,1637
Moon Dist 7,1624,490,379,886
Moon Dist 8,1062,364,337,710
Moon Dist 9,2062,542,627,1190
Moon Dist 10,778,258,229,501
Moon Dist 11,1397,443,502,956
Moon Dist 12,1030,360,326,707
Moon Dist 13,713,228,243,485
Mt Lebanon Ward 1 Dist 1,842,382,216,606
Mt Lebanon Ward 1 Dist 2,645,321,97,422
Mt Lebanon Ward 1 Dist 3,668,374,118,496
Mt Lebanon Ward 1 Dist 4,787,403,161,570
Mt Lebanon Ward 1 Dist 5,620,333,130,471
Mt Lebanon Ward 1 Dist 6,1063,492,250,750
Mt Lebanon Ward 1 Dist 7,785,381,138,526
Mt Lebanon Ward 2 Dist 1,1002,507,239,753
Mt Lebanon Ward 2 Dist 2,624,298,125,433
Mt Lebanon Ward 2 Dist 3,710,364,130,503
Mt Lebanon Ward 2 Dist 4,569,292,112,410
Mt Lebanon Ward 2 Dist 5,583,291,136,435
Mt Lebanon Ward 2 Dist 6,576,280,145,435
Mt Lebanon Ward 2 Dist 7,662,332,144,491
Mt Lebanon Ward 2 Dist 8,981,458,242,713
Mt Lebanon Ward 3 Dist 1,676,324,162,495
Mt Lebanon Ward 3 Dist 2,913,481,184,670
Mt Lebanon Ward 3 Dist 3,714,319,184,507
Mt Lebanon Ward 3 Dist 4,731,296,147,450
Mt Lebanon Ward 3 Dist 5,731,363,173,543
Mt Lebanon Ward 3 Dist 6,453,254,92,351
Mt Lebanon Ward 3 Dist 7,882,370,251,631
Mt Lebanon Ward 3 Dist 8,314,142,90,232
Mt Lebanon Ward 4 Dist 1,790,366,133,508
Mt Lebanon Ward 4 Dist 2,871,442,163,617
Mt Lebanon Ward 4 Dist 3,711,323,133,462
Mt Lebanon Ward 4 Dist 4,682,322,178,505
Mt Lebanon Ward 4 Dist 5,650,329,154,487
Mt Lebanon Ward 4 Dist 6,683,348,143,501
Mt Lebanon Ward 4 Dist 7,868,458,152,615
Mt Lebanon Ward 5 Dist 1,600,292,138,438
Mt Lebanon Ward 5 Dist 2,454,180,65,251
Mt Lebanon Ward 5 Dist 3,607,297,112,418
Mt Lebanon Ward 5 Dist 4,628,323,140,465
Mt Lebanon Ward 5 Dist 5,655,359,126,494
Mt Lebanon Ward 5 Dist 6,487,247,104,358
Mt Lebanon Ward 5 Dist 7,804,431,165,607
Mt Lebanon Ward 5 Dist 8,944,454,139,601
Mt Oliver Dist 1,721,199,56,266
Mt Oliver Dist 2,745,222,65,290
Mt Oliver Dist 3,500,133,48,186
Mt Oliver Dist 4,319,125,31,159
Munhall Dist 1,462,136,72,211
Munhall Dist 2,494,183,39,224
Munhall Dist 3,508,188,39,229
Munhall Dist 4,417,174,41,216
Munhall Dist 5,734,299,148,459
Munhall Dist 6,718,281,161,450
Munhall Dist 7,1141,468,255,743
Munhall Dist 8,641,274,176,461
Munhall Dist 9,714,260,145,412
Munhall Dist 10,530,217,101,322
Munhall Dist 11,936,402,246,661
Munhall Dist 12,562,238,152,406
Neville Ward 1,262,81,63,149
Neville Ward 2,224,56,37,95
Neville Ward 3,246,111,56,171
N Braddock Ward 1 Dist 1,221,116,44,163
N Braddock Ward 1 Dist 2,459,176,69,252
N Braddock Ward 1 Dist 3,501,167,39,209
N Braddock Ward 2 Dist 1,435,148,27,177
N Braddock Ward 2 Dist 2,551,238,49,289
N Braddock Ward 3 Dist 1,398,157,4,162
N Braddock Ward 3 Dist 2,459,175,11,187
N Fayette Dist 1,2190,643,790,1453
N Fayette Dist 2,2574,735,638,1399
N Fayette Dist 3,2438,770,640,1439
N Fayette Dist 4,1184,285,298,599
N Fayette Dist 5,3003,919,945,1907
N Versailles Ward 1 Dist 1,664,210,170,385
N Versailles Ward 1 Dist 2,629,233,189,431
N Versailles Ward 2 Dist 1,647,222,166,393
N Versailles Ward 2 Dist 2,198,75,48,125
N Versailles Ward 3 Dist 1,489,189,138,331
N Versailles Ward 3 Dist 2,634,219,158,379
N Versailles Ward 4 Dist 1,498,172,106,280
N Versailles Ward 4 Dist 2,399,131,118,252
N Versailles Ward 5 Dist 1,533,149,69,223
N Versailles Ward 5 Dist 2,383,98,61,162
N Versailles Ward 6 Dist 1,639,200,202,413
N Versailles Ward 6 Dist 2,541,191,160,357
N Versailles Ward 7,665,271,52,326
Oakdale Dist 1,614,208,178,399
Oakdale Dist 2,448,151,158,316
Oakmont Dist 1,869,397,234,643
Oakmont Dist 2,1076,426,327,763
Oakmont Dist 3,772,330,196,537
Oakmont Dist 4,883,355,222,589
Oakmont Dist 5,679,310,166,483
Oakmont Dist 6,1306,518,374,917
O'Hara Ward 1 Dist 1,1088,436,267,711
O'Hara Ward 1 Dist 2,622,282,150,443
O'Hara Ward 2 Dist 1,621,298,153,458
O'Hara Ward 2 Dist 2,941,401,274,681
O'Hara Ward 3 Dist 1,683,305,171,486
O'Hara Ward 3 Dist 2,595,226,163,398
O'Hara Ward 4 Dist 1,585,289,114,411
O'Hara Ward 4 Dist 2,787,444,156,610
O'Hara Ward 5 Dist 1,757,351,212,578
O'Hara Ward 5 Dist 2,917,459,182,655
Ohio Dist 1,1553,586,524,1127
Ohio Dist 2,1819,743,638,1398
Ohio Dist 3,2137,850,545,1429
Glen Osborne,472,207,128,341
Penn Hills Ward 1 Dist 1,730,349,13,364
Penn Hills Ward 1 Dist 2,747,411,23,435
Penn Hills Ward 1 Dist 3,490,192,8,202
Penn Hills Ward 1 Dist 4,323,145,8,154
Penn Hills Ward 1 Dist 5,203,77,0,78
Penn Hills Ward 2 Dist 1,710,355,33,395
Penn Hills Ward 2 Dist 2,735,310,24,338
Penn Hills Ward 2 Dist 3,823,385,60,450
Penn Hills Ward 2 Dist 4,583,348,43,396
Penn Hills Ward 3 Dist 1,744,373,127,511
Penn Hills Ward 3 Dist 2,499,244,42,289
Penn Hills Ward 3 Dist 3,643,319,54,380
Penn Hills Ward 3 Dist 4,821,343,72,421
Penn Hills Ward 3 Dist 5,440,165,32,202
Penn Hills Ward 3 Dist 6,474,206,57,264
Penn Hills Ward 4 Dist 1,562,275,66,347
Penn Hills Ward 4 Dist 2,741,300,88,395
Penn Hills Ward 4 Dist 3,742,314,102,423
Penn Hills Ward 4 Dist 4,629,289,83,380
Penn Hills Ward 4 Dist 5,591,268,68,337
Penn Hills Ward 5 Dist 1,696,302,90,397
Penn Hills Ward 5 Dist 2,614,234,89,325
Penn Hills Ward 5 Dist 3,685,317,122,446
Penn Hills Ward 5 Dist 4,602,280,123,409
Penn Hills Ward 5 Dist 5,532,267,76,354
Penn Hills Ward 5 Dist 6,696,297,128,432
Penn Hills Ward 6 Dist 1,558,213,94,317
Penn Hills Ward 6 Dist 2,654,268,82,357
Penn Hills Ward 6 Dist 3,525,256,67,327
Penn Hills Ward 6 Dist 4,568,235,31,274
Penn Hills Ward 6 Dist 5,603,270,58,334
Penn Hills Ward 6 Dist 6,565,261,85,354
Penn Hills Ward 7 Dist 1,644,328,68,401
Penn Hills Ward 7 Dist 2,666,218,119,344
Penn Hills Ward 7 Dist 3,900,407,128,543
Penn Hills Ward 7 Dist 4,610,248,122,378
Penn Hills Ward 7 Dist 5,720,313,112,430
Penn Hills Ward 7 Dist 6,703,284,96,387
Penn Hills Ward 7 Dist 7,692,205,136,355
Penn Hills Ward 8 Dist 1,649,256,164,426
Penn Hills Ward 8 Dist 2,566,239,142,389
Penn Hills Ward 8 Dist 3,535,204,155,368
Penn Hills Ward 8 Dist 4,630,259,158,429
Penn Hills Ward 8 Dist 5,911,368,192,573
Penn Hills Ward 8 Dist 6,474,193,115,313
Penn Hills Ward 9 Dist 1,524,250,139,393
Penn Hills Ward 9 Dist 2,562,229,132,363
Penn Hills Ward 9 Dist 3,879,360,201,571
Penn Hills Ward 9 Dist 4,596,251,149,403
Penn Hills Ward 9 Dist 5,299,133,14,152
Pine Dist 1,1526,494,506,1014
Pine Dist 2,2361,739,854,1615
Pine Dist 3,454,144,175,321
Pine Dist 4,1457,500,513,1025
Pine Dist 5,1987,579,640,1240
Pine Dist 6,877,287,335,638
Pine Dist 7,1490,526,454,1001
Pine Dist 8,1123,325,452,787
Pitcairn Dist 1,867,251,141,398
Pitcairn Dist 2,438,101,45,147
Pitcairn Dist 3,625,182,186,377
Pittsburgh Ward 1 Dist 1,3281,508,114,630
Pittsburgh Ward 1 Dist 2,657,231,19,250
Pittsburgh Ward 2 Dist 1,2507,906,245,1173
Pittsburgh Ward 2 Dist 2,1945,773,259,1043
Pittsburgh Ward 3 Dist 1,251,117,1,121
Pittsburgh Ward 3 Dist 2,632,334,8,344
Pittsburgh Ward 3 Dist 3,351,168,1,171
Pittsburgh Ward 3 Dist 4,544,164,14,180
Pittsburgh Ward 3 Dist 5,508,184,15,200
Pittsburgh Ward 4 Dist 1,227,45,0,47
Pittsburgh Ward 4 Dist 2,796,258,36,299
Pittsburgh Ward 4 Dist 3,326,129,3,134
Pittsburgh Ward 4 Dist 4,240,85,5,92
Pittsburgh Ward 4 Dist 5,971,291,16,312
Pittsburgh Ward 4 Dist 6,747,173,16,191
Pittsburgh Ward 4 Dist 7,2270,634,73,715
Pittsburgh Ward 4 Dist 8,2610,644,49,699
Pittsburgh Ward 4 Dist 9,955,378,50,433
Pittsburgh Ward 4 Dist 10,646,217,27,248
Pittsburgh Ward 4 Dist 11,583,340,58,400
Pittsburgh Ward 4 Dist 12,684,264,33,298
Pittsburgh Ward 4 Dist 13,662,203,14,217
Pittsburgh Ward 4 Dist 14,1499,419,25,453
Pittsburgh Ward 4 Dist 15,1047,327,26,356
Pittsburgh Ward 4 Dist 16,1499,473,51,532
Pittsburgh Ward 4 Dist 17,645,280,29,312
Pittsburgh Ward 4 Dist 18,699,218,14,238
Pittsburgh Ward 4 Dist 19,310,86,6,92
Pittsburgh Ward 5 Dist 1,258,102,2,105
Pittsburgh Ward 5 Dist 2,372,151,0,151
Pittsburgh Ward 5 Dist 3,145,71,1,72
Pittsburgh Ward 5 Dist 4,269,103,1,104
Pittsburgh Ward 5 Dist 5,199,95,4,100
Pittsburgh Ward 5 Dist 6,526,119,4,125
Pittsburgh Ward 5 Dist 7,386,177,4,184
Pittsburgh Ward 5 Dist 8,421,208,8,218
Pittsburgh Ward 5 Dist 9,1142,400,44,453
Pittsburgh Ward 5 Dist 10,440,204,9,214
Pittsburgh Ward 5 Dist 11,361,155,4,160
Pittsburgh Ward 5 Dist 12,346,167,2,170
Pittsburgh Ward 5 Dist 13,249,105,2,108
Pittsburgh Ward 5 Dist 14,251,98,3,101
Pittsburgh Ward 5 Dist 15,251,75,1,77
Pittsburgh Ward 5 Dist 16,182,60,2,62
Pittsburgh Ward 5 Dist 17,272,114,4,118
Pittsburgh Ward 5 Dist 18,66,17,1,18
Pittsburgh Ward 6 Dist 1,1247,604,129,744
Pittsburgh Ward 6 Dist 2,621,297,53,357
Pittsburgh Ward 6 Dist 3,791,386,53,447
Pittsburgh Ward 6 Dist 4,574,293,56,356
Pittsburgh Ward 6 Dist 5,505,257,37,300
Pittsburgh Ward 7 Dist 1,712,263,60,325
Pittsburgh Ward 7 Dist 2,1138,547,132,688
Pittsburgh Ward 7 Dist 3,835,354,32,390
Pittsburgh Ward 7 Dist 4,1159,461,58,524
Pittsburgh Ward 7 Dist 5,856,322,41,370
Pittsburgh Ward 7 Dist 6,760,349,48,401
Pittsburgh Ward 7 Dist 7,836,348,58,414
Pittsburgh Ward 7 Dist 8,809,345,41,393
Pittsburgh Ward 7 Dist 9,843,386,47,440
Pittsburgh Ward 7 Dist 10,1169,547,75,629
Pittsburgh Ward 7 Dist 11,1270,566,59,631
Pittsburgh Ward 7 Dist 12,1197,521,79,603
Pittsburgh Ward 7 Dist 13,591,209,23,236
Pittsburgh Ward 7 Dist 14,492,205,49,259
Pittsburgh Ward 8 Dist 1,384,199,44,246
Pittsburgh Ward 8 Dist 2,647,339,69,413
Pittsburgh Ward 8 Dist 3,868,366,76,449
Pittsburgh Ward 8 Dist 4,857,347,82,435
Pittsburgh Ward 8 Dist 5,640,342,59,406
Pittsburgh Ward 8 Dist 6,445,210,36,254
Pittsburgh Ward 8 Dist 7,843,424,28,457
Pittsburgh Ward 8 Dist 8,643,343,29,379
Pittsburgh Ward 8 Dist 9,876,400,31,435
Pittsburgh Ward 8 Dist 10,688,354,36,399
Pittsburgh Ward 8 Dist 11,740,318,45,366
Pittsburgh Ward 8 Dist 12,615,323,20,347
Pittsburgh Ward 8 Dist 13,534,225,10,235
Pittsburgh Ward 9 Dist 1,624,303,56,364
Pittsburgh Ward 9 Dist 2,612,321,55,386
Pittsburgh Ward 9 Dist 3,657,342,54,401
Pittsburgh Ward 9 Dist 4,698,341,59,407
Pittsburgh Ward 9 Dist 5,647,324,69,399
Pittsburgh Ward 9 Dist 6,577,318,50,376
Pittsburgh Ward 9 Dist 7,406,242,23,268
Pittsburgh Ward 9 Dist 8,718,351,78,435
Pittsburgh Ward 9 Dist 9,617,287,49,340
Pittsburgh Ward 10 Dist 1,670,363,37,404
Pittsburgh Ward 10 Dist 2,689,365,52,423
Pittsburgh Ward 10 Dist 3,712,377,54,439
Pittsburgh Ward 10 Dist 4,542,336,66,406
Pittsburgh Ward 10 Dist 5,514,308,54,365
Pittsburgh Ward 10 Dist 6,503,254,68,327
Pittsburgh Ward 10 Dist 7,618,345,78,429
Pittsburgh Ward 10 Dist 8,606,343,79,427
Pittsburgh Ward 10 Dist 9,537,293,82,386
Pittsburgh Ward 10 Dist 10,600,374,79,462
Pittsburgh Ward 10 Dist 11,623,342,69,413
Pittsburgh Ward 10 Dist 12,512,293,23,317
Pittsburgh Ward 10 Dist 13,548,315,40,359
Pittsburgh Ward 10 Dist 14,573,360,29,389
Pittsburgh Ward 10 Dist 15,365,158,8,167
Pittsburgh Ward 10 Dist 16,318,127,4,132
Pittsburgh Ward 10 Dist 17,479,221,24,249
Pittsburgh Ward 10 Dist 18,552,278,13,296
Pittsburgh Ward 10 Dist 19,456,230,5,237
Pittsburgh Ward 11 Dist 1,643,343,28,372
Pittsburgh Ward 11 Dist 2,547,275,12,288
Pittsburgh Ward 11 Dist 3,423,190,4,194
Pittsburgh Ward 11 Dist 4,489,220,9,229
Pittsburgh Ward 11 Dist 5,566,266,12,282
Pittsburgh Ward 11 Dist 6,854,429,38,473
Pittsburgh Ward 11 Dist 7,681,400,66,471
Pittsburgh Ward 11 Dist 8,591,333,34,369
Pittsburgh Ward 11 Dist 9,682,419,44,466
Pittsburgh Ward 11 Dist 10,577,399,43,447
Pittsburgh Ward 11 Dist 11,643,358,30,389
Pittsburgh Ward 11 Dist 12,704,432,44,478
Pittsburgh Ward 11 Dist 13,715,459,39,504
Pittsburgh Ward 11 Dist 14,628,264,12,279
Pittsburgh Ward 11 Dist 15,420,133,1,139
Pittsburgh Ward 11 Dist 16,598,268,22,291
Pittsburgh Ward 11 Dist 17,674,340,13,356
Pittsburgh Ward 11 Dist 18,595,263,16,280
Pittsburgh Ward 12 Dist 1,198,49,1,51
Pittsburgh Ward 12 Dist 2,311,111,3,116
Pittsburgh Ward 12 Dist 3,165,57,1,58
Pittsburgh Ward 12 Dist 4,323,149,2,153
Pittsburgh Ward 12 Dist 5,139,38,3,42
Pittsburgh Ward 12 Dist 6,191,76,2,78
Pittsburgh Ward 12 Dist 7,303,108,5,113
Pittsburgh Ward 12 Dist 8,201,72,1,73
Pittsburgh Ward 12 Dist 9,289,116,2,119
Pittsburgh Ward 12 Dist 10,406,187,4,192
Pittsburgh Ward 12 Dist 11,430,187,5,194
Pittsburgh Ward 12 Dist 12,684,250,14,268
Pittsburgh Ward 12 Dist 13,360,171,3,177
Pittsburgh Ward 12 Dist 14,288,116,1,119
Pittsburgh Ward 12 Dist 15,525,252,3,258
Pittsburgh Ward 12 Dist 16,279,144,4,149
Pittsburgh Ward 13 Dist 1,336,149,0,150
Pittsburgh Ward 13 Dist 2,344,133,2,135
Pittsburgh Ward 13 Dist 3,284,102,2,105
Pittsburgh Ward 13 Dist 4,286,107,0,107
Pittsburgh Ward 13 Dist 5,294,122,1,124
Pittsburgh Ward 13 Dist 6,342,138,1,141
Pittsburgh Ward 13 Dist 7,341,113,3,117
Pittsburgh Ward 13 Dist 8,291,112,2,114
Pittsburgh Ward 13 Dist 9,283,98,3,103
Pittsburgh Ward 13 Dist 10,181,70,6,76
Pittsburgh Ward 13 Dist 11,370,98,2,100
Pittsburgh Ward 13 Dist 12,373,158,3,162
Pittsburgh Ward 13 Dist 13,265,95,1,98
Pittsburgh Ward 13 Dist 14,233,83,5,88
Pittsburgh Ward 13 Dist 15,281,113,6,120
Pittsburgh Ward 13 Dist 16,271,122,6,129
Pittsburgh Ward 13 Dist 17,803,232,6,239
Pittsburgh Ward 13 Dist 18,257,60,0,61
Pittsburgh Ward 13 Dist 19,480,259,7,268
Pittsburgh Ward 14 Dist 1,884,300,39,346
Pittsburgh Ward 14 Dist 2,1391,435,57,496
Pittsburgh Ward 14 Dist 3,980,552,57,614
Pittsburgh Ward 14 Dist 4,809,451,52,509
Pittsburgh Ward 14 Dist 5,833,475,72,551
Pittsburgh Ward 14 Dist 6,616,265,48,316
Pittsburgh Ward 14 Dist 7,3604,544,40,587
Pittsburgh Ward 14 Dist 8,893,398,60,464
Pittsburgh Ward 14 Dist 9,768,480,83,568
Pittsburgh Ward 14 Dist 10,727,464,59,525
Pittsburgh Ward 14 Dist 11,834,498,80,588
Pittsburgh Ward 14 Dist 12,842,429,29,467
Pittsburgh Ward 14 Dist 13,767,472,20,497
Pittsburgh Ward 14 Dist 14,910,513,72,592
Pittsburgh Ward 14 Dist 15,773,457,41,501
Pittsburgh Ward 14 Dist 16,491,298,65,365
Pittsburgh Ward 14 Dist 17,473,323,44,374
Pittsburgh Ward 14 Dist 18,742,493,46,542
Pittsburgh Ward 14 Dist 19,621,439,41,483
Pittsburgh Ward 14 Dist 20,623,347,56,409
Pittsburgh Ward 14 Dist 21,601,361,51,415
Pittsburgh Ward 14 Dist 22,730,447,34,488
Pittsburgh Ward 14 Dist 23,742,415,60,478
Pittsburgh Ward 14 Dist 24,551,317,41,359
Pittsburgh Ward 14 Dist 25,973,530,140,679
Pittsburgh Ward 14 Dist 26,602,347,63,414
Pittsburgh Ward 14 Dist 27,538,336,80,422
Pittsburgh Ward 14 Dist 28,542,271,119,394
Pittsburgh Ward 14 Dist 29,822,434,82,524
Pittsburgh Ward 14 Dist 30,698,413,58,476
Pittsburgh Ward 14 Dist 31,1217,696,159,863
Pittsburgh Ward 14 Dist 32,810,377,47,430
Pittsburgh Ward 14 Dist 33,848,368,94,474
Pittsburgh Ward 14 Dist 34,919,356,107,472
Pittsburgh Ward 14 Dist 35,647,323,56,386
Pittsburgh Ward 14 Dist 36,847,398,40,450
Pittsburgh Ward 14 Dist 37,633,296,61,360
Pittsburgh Ward 14 Dist 38,612,314,50,365
Pittsburgh Ward 14 Dist 39,652,328,61,394
Pittsburgh Ward 14 Dist 40,634,275,46,323
Pittsburgh Ward 14 Dist 41,79,43,10,53
Pittsburgh Ward 15 Dist 1,607,277,57,344
Pittsburgh Ward 15 Dist 2,729,365,61,432
Pittsburgh Ward 15 Dist 3,642,317,66,396
Pittsburgh Ward 15 Dist 4,652,357,54,420
Pittsburgh Ward 15 Dist 5,551,277,59,338
Pittsburgh Ward 15 Dist 6,516,295,69,376
Pittsburgh Ward 15 Dist 7,718,370,87,472
Pittsburgh Ward 15 Dist 8,585,305,71,387
Pittsburgh Ward 15 Dist 9,164,77,14,95
Pittsburgh Ward 15 Dist 10,613,324,77,406
Pittsburgh Ward 15 Dist 11,550,257,91,355
Pittsburgh Ward 15 Dist 12,468,224,64,290
Pittsburgh Ward 15 Dist 13,458,179,18,197
Pittsburgh Ward 15 Dist 14,275,103,15,119
Pittsburgh Ward 15 Dist 15,337,90,29,122
Pittsburgh Ward 15 Dist 16,500,214,28,244
Pittsburgh Ward 15 Dist 17,26,11,1,12
Pittsburgh Ward 15 Dist 18,547,193,22,219
Pittsburgh Ward 15 Dist 19,441,153,10,170
Pittsburgh Ward 16 Dist 1,955,393,76,476
Pittsburgh Ward 16 Dist 2,1257,503,93,607
Pittsburgh Ward 16 Dist 3,985,389,119,516
Pittsburgh Ward 16 Dist 4,408,167,38,208
Pittsburgh Ward 16 Dist 5,646,253,66,325
Pittsburgh Ward 16 Dist 6,491,218,51,275
Pittsburgh Ward 16 Dist 7,419,144,39,185
Pittsburgh Ward 16 Dist 8,171,35,2,39
Pittsburgh Ward 16 Dist 9,464,173,54,228
Pittsburgh Ward 16 Dist 10,357,126,54,184
Pittsburgh Ward 16 Dist 11,375,124,29,160
Pittsburgh Ward 17 Dist 1,323,107,41,149
Pittsburgh Ward 17 Dist 2,857,368,68,440
Pittsburgh Ward 17 Dist 3,593,242,69,312
Pittsburgh Ward 17 Dist 4,835,373,89,470
Pittsburgh Ward 17 Dist 5,613,288,39,330
Pittsburgh Ward 17 Dist 6,431,139,40,182
Pittsburgh Ward 17 Dist 7,406,181,37,225
Pittsburgh Ward 17 Dist 8,440,193,41,238
Pittsburgh Ward 18 Dist 1,572,235,128,375
Pittsburgh Ward 18 Dist 2,387,180,3,185
Pittsburgh Ward 18 Dist 3,348,146,0,149
Pittsburgh Ward 18 Dist 4,438,194,13,211
Pittsburgh Ward 18 Dist 5,935,387,112,509
Pittsburgh Ward 18 Dist 6,378,153,17,170
Pittsburgh Ward 18 Dist 7,459,176,42,228
Pittsburgh Ward 18 Dist 8,264,94,8,102
Pittsburgh Ward 18 Dist 9,692,223,37,265
Pittsburgh Ward 18 Dist 10,66,24,11,35
Pittsburgh Ward 18 Dist 11,521,176,29,211
Pittsburgh Ward 19 Dist 1,554,259,98,366
Pittsburgh Ward 19 Dist 2,729,287,109,399
Pittsburgh Ward 19 Dist 3,518,220,97,324
Pittsburgh Ward 19 Dist 4,401,177,67,250
Pittsburgh Ward 19 Dist 5,421,182,72,260
Pittsburgh Ward 19 Dist 6,505,183,82,271
Pittsburgh Ward 19 Dist 7,224,98,23,122
Pittsburgh Ward 19 Dist 8,581,240,79,327
Pittsburgh Ward 19 Dist 9,560,207,51,266
Pittsburgh Ward 19 Dist 10,667,216,87,311
Pittsburgh Ward 19 Dist 11,470,158,66,227
Pittsburgh Ward 19 Dist 12,401,178,106,287
Pittsburgh Ward 19 Dist 13,491,178,40,220
Pittsburgh Ward 19 Dist 14,559,225,62,292
Pittsburgh Ward 19 Dist 15,628,265,78,352
Pittsburgh Ward 19 Dist 16,608,273,49,324
Pittsburgh Ward 19 Dist 17,561,269,79,352
Pittsburgh Ward 19 Dist 18,445,206,30,242
Pittsburgh Ward 19 Dist 19,512,224,69,299
Pittsburgh Ward 19 Dist 20,510,203,98,309
Pittsburgh Ward 19 Dist 21,662,314,74,396
Pittsburgh Ward 19 Dist 22,558,255,66,330
Pittsburgh Ward 19 Dist 23,590,244,91,343
Pittsburgh Ward 19 Dist 24,486,221,73,300
Pittsburgh Ward 19 Dist 25,524,257,97,362
Pittsburgh Ward 19 Dist 26,463,212,74,289
Pittsburgh Ward 19 Dist 27,469,179,77,264
Pittsburgh Ward 19 Dist 28,642,369,111,488
Pittsburgh Ward 19 Dist 29,500,224,90,320
Pittsburgh Ward 19 Dist 30,513,245,90,340
Pittsburgh Ward 19 Dist 31,468,218,100,322
Pittsburgh Ward 19 Dist 32,531,277,97,381
Pittsburgh Ward 19 Dist 33,472,188,109,303
Pittsburgh Ward 19 Dist 34,539,251,83,341
Pittsburgh Ward 19 Dist 35,510,214,95,318
Pittsburgh Ward 19 Dist 36,654,280,125,415
Pittsburgh Ward 19 Dist 37,443,181,80,266
Pittsburgh Ward 19 Dist 38,553,235,85,330
Pittsburgh Ward 20 Dist 1,613,205,173,392
Pittsburgh Ward 20 Dist 2,215,83,44,130
Pittsburgh Ward 20 Dist 3,693,277,151,443
Pittsburgh Ward 20 Dist 4,78,30,7,37
Pittsburgh Ward 20 Dist 5,540,213,83,306
Pittsburgh Ward 20 Dist 6,514,165,57,236
Pittsburgh Ward 20 Dist 7,656,234,51,291
Pittsburgh Ward 20 Dist 8,702,239,80,328
Pittsburgh Ward 20 Dist 9,212,63,18,85
Pittsburgh Ward 20 Dist 10,603,204,32,239
Pittsburgh Ward 20 Dist 11,695,206,37,244
Pittsburgh Ward 20 Dist 12,911,334,93,436
Pittsburgh Ward 20 Dist 13,416,205,20,229
Pittsburgh Ward 20 Dist 14,860,330,94,439
Pittsburgh Ward 20 Dist 15,929,328,113,458
Pittsburgh Ward 20 Dist 16,627,226,183,423
Pittsburgh Ward 20 Dist 17,410,172,117,292
Pittsburgh Ward 20 Dist 18,494,175,138,320
Pittsburgh Ward 21 Dist 1,491,177,25,207
Pittsburgh Ward 21 Dist 2,475,254,21,278
Pittsburgh Ward 21 Dist 3,608,284,12,301
Pittsburgh Ward 21 Dist 4,566,288,21,316
Pittsburgh Ward 22 Dist 1,763,396,70,475
Pittsburgh Ward 22 Dist 2,679,373,49,426
Pittsburgh Ward 22 Dist 3,690,336,35,377
Pittsburgh Ward 22 Dist 4,921,292,50,346
Pittsburgh Ward 23 Dist 1,1288,472,95,575
Pittsburgh Ward 23 Dist 2,798,377,56,444
Pittsburgh Ward 23 Dist 3,379,130,32,164
Pittsburgh Ward 24 Dist 1,418,158,59,223
Pittsburgh Ward 24 Dist 2,416,167,62,238
Pittsburgh Ward 24 Dist 3,323,128,34,167
Pittsburgh Ward 24 Dist 4,562,280,82,364
Pittsburgh Ward 24 Dist 5,507,191,55,254
Pittsburgh Ward 24 Dist 6,532,240,68,313
Pittsburgh Ward 25 Dist 1,433,243,15,261
Pittsburgh Ward 25 Dist 2,422,182,18,207
Pittsburgh Ward 25 Dist 3,565,263,19,286
Pittsburgh Ward 25 Dist 4,291,112,4,116
Pittsburgh Ward 25 Dist 5,373,161,18,181
Pittsburgh Ward 25 Dist 6,365,108,9,119
Pittsburgh Ward 25 Dist 7,389,171,56,229
Pittsburgh Ward 26 Dist 1,508,218,22,244
Pittsburgh Ward 26 Dist 2,401,184,5,192
Pittsburgh Ward 26 Dist 3,421,181,17,199
Pittsburgh Ward 26 Dist 4,395,151,26,177
Pittsburgh Ward 26 Dist 5,473,101,4,108
Pittsburgh Ward 26 Dist 6,374,73,2,75
Pittsburgh Ward 26 Dist 7,277,106,8,114
Pittsburgh Ward 26 Dist 8,585,133,37,171
Pittsburgh Ward 26 Dist 9,365,155,71,228
Pittsburgh Ward 26 Dist 10,659,336,35,374
Pittsburgh Ward 26 Dist 11,675,337,44,385
Pittsburgh Ward 26 Dist 12,471,193,43,242
Pittsburgh Ward 26 Dist 13,576,228,81,316
Pittsburgh Ward 26 Dist 14,581,231,146,387
Pittsburgh Ward 26 Dist 15,498,204,84,298
Pittsburgh Ward 26 Dist 16,713,340,61,403
Pittsburgh Ward 26 Dist 17,193,57,35,97
Pittsburgh Ward 27 Dist 1,803,380,136,529
Pittsburgh Ward 27 Dist 2,672,323,137,470
Pittsburgh Ward 27 Dist 3,550,264,71,343
Pittsburgh Ward 27 Dist 4,794,346,111,469
Pittsburgh Ward 27 Dist 5,732,364,113,482
Pittsburgh Ward 27 Dist 6,785,303,88,398
Pittsburgh Ward 27 Dist 7,596,309,72,385
Pittsburgh Ward 27 Dist 8,593,242,64,316
Pittsburgh Ward 27 Dist 9,572,193,53,253
Pittsburgh Ward 27 Dist 10,637,250,45,297
Pittsburgh Ward 27 Dist 11,612,212,50,266
Pittsburgh Ward 27 Dist 12,570,204,49,255
Pittsburgh Ward 27 Dist 13,538,228,51,283
Pittsburgh Ward 28 Dist 1,663,240,145,397
Pittsburgh Ward 28 Dist 2,503,174,60,238
Pittsburgh Ward 28 Dist 3,874,361,195,565
Pittsburgh Ward 28 Dist 4,638,233,162,402
Pittsburgh Ward 28 Dist 5,678,290,86,386
Pittsburgh Ward 28 Dist 6,542,239,102,345
Pittsburgh Ward 28 Dist 7,624,195,60,258
Pittsburgh Ward 28 Dist 8,868,402,159,569
Pittsburgh Ward 28 Dist 9,615,308,59,371
Pittsburgh Ward 28 Dist 10,573,183,23,210
Pittsburgh Ward 28 Dist 11,122,63,7,70
Pittsburgh Ward 29 Dist 1,606,178,121,305
Pittsburgh Ward 29 Dist 2,518,216,90,309
Pittsburgh Ward 29 Dist 3,505,167,75,247
Pittsburgh Ward 29 Dist 4,504,160,95,259
Pittsburgh Ward 29 Dist 5,541,168,70,240
Pittsburgh Ward 29 Dist 6,623,210,109,324
Pittsburgh Ward 29 Dist 7,653,269,115,387
Pittsburgh Ward 29 Dist 8,543,148,81,237
Pittsburgh Ward 29 Dist 9,453,143,50,196
Pittsburgh Ward 29 Dist 10,537,213,97,317
Pittsburgh Ward 29 Dist 11,659,248,114,373
Pittsburgh Ward 29 Dist 12,560,176,68,255
Pittsburgh Ward 30 Dist 1,402,125,17,145
Pittsburgh Ward 30 Dist 2,366,152,13,168
Pittsburgh Ward 30 Dist 3,350,67,13,81
Pittsburgh Ward 30 Dist 4,598,193,44,239
Pittsburgh Ward 30 Dist 5,646,216,37,258
Pittsburgh Ward 31 Dist 1,214,57,41,102
Pittsburgh Ward 31 Dist 2,448,148,162,318
Pittsburgh Ward 31 Dist 3,515,197,140,343
Pittsburgh Ward 31 Dist 4,572,190,173,368
Pittsburgh Ward 31 Dist 5,679,262,203,475
Pittsburgh Ward 31 Dist 6,536,170,169,343
Pittsburgh Ward 31 Dist 7,131,66,14,80
Pittsburgh Ward 32 Dist 1,493,146,142,296
Pittsburgh Ward 32 Dist 2,647,194,141,346
Pittsburgh Ward 32 Dist 3,553,224,107,335
Pittsburgh Ward 32 Dist 4,340,135,50,189
Pittsburgh Ward 32 Dist 5,569,271,109,386
Pittsburgh Ward 32 Dist 6,617,201,168,382
Pittsburgh Ward 32 Dist 7,591,259,100,369
Pittsburgh Ward 32 Dist 8,639,245,176,428
Pleasant Hl Dist 1,706,267,179,451
Pleasant Hl Dist 2,565,216,170,395
Pleasant Hl Dist 3,583,233,175,418
Pleasant Hl Dist 4,541,218,151,372
Pleasant Hl Dist 5,689,247,186,438
Pleasant Hl Dist 6,988,350,345,706
Pleasant Hl Dist 7,536,220,132,360
Pleasant Hl Dist 8,534,172,185,364
Pleasant Hl Dist 9,658,240,219,469
Pleasant Hl Dist 10,503,156,181,342
Plum Dist 1,1805,614,582,1219
Plum Dist 2,632,181,212,401
Plum Dist 3,1030,415,297,721
Plum Dist 4,842,263,304,582
Plum Dist 5,878,299,258,566
Plum Dist 6,1285,417,488,923
Plum Dist 7,1245,428,391,837
Plum Dist 8,594,207,191,410
Plum Dist 9,1137,436,381,828
Plum Dist 10,608,179,200,389
Plum Dist 11,813,297,264,568
Plum Dist 12,1139,434,380,830
Plum Dist 13,567,184,203,394
Plum Dist 14,746,210,207,423
Plum Dist 15,890,283,202,491
Plum Dist 16,610,202,204,410
Plum Dist 17,688,241,175,426
Plum Dist 18,820,282,289,587
Plum Dist 19,2085,631,747,1397
Plum Dist 20,989,261,335,610
Plum Dist 21,430,91,190,289
Port Vue Dist 1,575,156,119,287
Port Vue Dist 2,508,143,135,288
Port Vue Dist 3,513,172,182,361
Port Vue Dist 4,692,215,217,440
Rankin Ward 1,341,50,7,61
Rankin Ward 2,402,167,14,181
Rankin Ward 3,430,122,11,135
Reserve Ward 1,529,242,103,358
Reserve Ward 2,557,235,149,398
Reserve Ward 3,537,230,137,378
Reserve Ward 4,830,309,245,568
Richland Dist 1,1215,396,445,856
Richland Dist 2,1199,372,394,785
Richland Dist 3,1166,395,395,801
Richland Dist 4,1156,401,423,843
Richland Dist 5,1059,310,394,718
Richland Dist 6,1128,366,428,814
Richland Dist 7,1174,379,445,846
Richland Dist 8,924,264,336,619
Robinson Dist 1,1668,578,551,1148
Robinson Dist 2,1212,439,411,868
Robinson Dist 3,706,251,212,476
Robinson Dist 4,984,363,281,659
Robinson Dist 5,605,242,191,438
Robinson Dist 6,887,276,237,518
Robinson Dist 7,1394,497,515,1023
Robinson Dist 8,1794,571,438,1038
Robinson Dist 9,2556,835,730,1598
Ross Ward 1 Dist 1,746,268,258,541
Ross Ward 1 Dist 2,626,284,159,447
Ross Ward 1 Dist 3,507,186,141,334
Ross Ward 1 Dist 4,842,336,261,607
Ross Ward 2 Dist 1,1265,470,331,817
Ross Ward 2 Dist 2,924,372,315,696
Ross Ward 2 Dist 3,708,290,226,524
Ross Ward 3 Dist 1,685,293,185,482
Ross Ward 3 Dist 2,717,315,210,534
Ross Ward 3 Dist 3,563,213,163,382
Ross Ward 3 Dist 4,683,272,207,489
Ross Ward 4 Dist 1,867,343,251,609
Ross Ward 4 Dist 2,1062,423,302,742
Ross Ward 4 Dist 3,714,268,254,529
Ross Ward 4 Dist 4,785,301,224,537
Ross Ward 5 Dist 1,612,243,194,445
Ross Ward 5 Dist 2,417,173,110,292
Ross Ward 5 Dist 3,779,280,219,505
Ross Ward 5 Dist 4,759,313,231,550
Ross Ward 6 Dist 1,488,234,105,346
Ross Ward 6 Dist 2,990,411,226,654
Ross Ward 6 Dist 3,670,286,150,446
Ross Ward 6 Dist 4,603,233,149,392
Ross Ward 7 Dist 1,595,215,182,406
Ross Ward 7 Dist 2,607,206,112,323
Ross Ward 7 Dist 3,719,291,197,496
Ross Ward 7 Dist 4,600,222,168,394
Ross Ward 8 Dist 1,1610,606,381,1006
Ross Ward 8 Dist 2,509,188,120,312
Ross Ward 8 Dist 3,563,253,168,430
Ross Ward 9 Dist 1,821,314,310,632
Ross Ward 9 Dist 2,970,399,276,689
Ross Ward 9 Dist 3,785,295,251,559
Rosslyn Farms,417,162,145,312
Scott Ward 1 Dist 1,577,189,110,306
Scott Ward 1 Dist 2,659,207,108,324
Scott Ward 2 Dist 1,475,213,101,318
Scott Ward 2 Dist 2,658,254,200,460
Scott Ward 3 Dist 1,524,218,150,372
Scott Ward 3 Dist 2,691,244,201,454
Scott Ward 4 Dist 1,763,339,201,550
Scott Ward 4 Dist 2,624,291,169,465
Scott Ward 5 Dist 1,601,217,143,372
Scott Ward 5 Dist 2,708,301,199,511
Scott Ward 6 Dist 1,648,245,150,399
Scott Ward 6 Dist 2,808,340,212,560
Scott Ward 7 Dist 1,924,405,222,639
Scott Ward 7 Dist 2,634,272,190,473
Scott Ward 8 Dist 1,513,209,165,387
Scott Ward 8 Dist 2,1068,402,348,770
Scott Ward 9 Dist 1,350,129,55,189
Scott Ward 9 Dist 2,342,138,75,216
Sewickley Ward 1,958,391,213,622
Sewickley Ward 2 Dist 1,553,186,142,333
Sewickley Ward 2 Dist 2,592,228,155,387
Sewickley Ward 3,1042,430,228,676
Sewickley Hts,786,224,287,514
Sewickley Hills,578,214,199,421
Shaler Ward 1 Dist 1,522,230,147,391
Shaler Ward 1 Dist 2,528,219,144,367
Shaler Ward 1 Dist 3,561,185,148,347
Shaler Ward 1 Dist 4,598,275,166,450
Shaler Ward 1 Dist 5,650,247,138,401
Shaler Ward 2 Dist 1,1050,376,372,771
Shaler Ward 2 Dist 2,762,287,266,563
Shaler Ward 2 Dist 3,607,245,137,394
Shaler Ward 2 Dist 4,777,341,231,580
Shaler Ward 2 Dist 5,368,143,107,257
Shaler Ward 3 Dist 1,604,255,189,457
Shaler Ward 3 Dist 2,594,252,198,452
Shaler Ward 3 Dist 3,586,202,212,418
Shaler Ward 3 Dist 4,723,284,258,547
Shaler Ward 3 Dist 5,669,239,244,493
Shaler Ward 4 Dist 1,836,324,249,592
Shaler Ward 4 Dist 2,467,181,120,311
Shaler Ward 4 Dist 3,650,262,214,488
Shaler Ward 4 Dist 4,649,253,219,477
Shaler Ward 4 Dist 5,506,221,123,361
Shaler Ward 5 Dist 1,757,285,285,584
Shaler Ward 5 Dist 2,679,284,212,509
Shaler Ward 5 Dist 3,557,237,172,419
Shaler Ward 5 Dist 4,363,135,124,262
Shaler Ward 5 Dist 5,787,284,246,544
Shaler Ward 6 Dist 1,642,271,186,469
Shaler Ward 6 Dist 2,710,259,237,500
Shaler Ward 6 Dist 3,553,214,214,433
Shaler Ward 6 Dist 4,334,141,111,256
Shaler Ward 6 Dist 5,543,230,165,402
Shaler Ward 7 Dist 1,592,266,137,416
Shaler Ward 7 Dist 2,770,291,212,513
Shaler Ward 7 Dist 3,644,227,183,415
Shaler Ward 7 Dist 4,1019,396,308,719
Sharpsburg Dist 1,593,216,82,310
Sharpsburg Dist 2,834,310,115,429
Sharpsburg Dist 3,852,286,187,478
S Fayette Dist 1,586,236,192,432
S Fayette Dist 2,1147,359,401,770
S Fayette Dist 3,1866,637,562,1218
S Fayette Dist 4,884,284,274,567
S Fayette Dist 5,990,340,295,646
S Fayette Dist 6,1273,428,364,807
S Fayette Dist 7,695,231,201,442
S Fayette Dist 8,1547,556,520,1091
S Fayette Dist 9,666,187,171,363
S Fayette Dist 10,775,285,242,531
S Fayette Dist 11,1093,343,326,684
S Fayette Dist 12,863,321,271,608
South Park Dist 1,772,211,309,535
South Park Dist 2,783,274,255,537
South Park Dist 3,668,215,212,438
South Park Dist 4,833,308,212,538
South Park Dist 5,739,281,223,514
South Park Dist 6,928,306,269,582
South Park Dist 7,1097,386,334,729
South Park Dist 8,513,191,180,375
South Park Dist 9,857,288,252,550
South Park Dist 10,865,283,304,601
South Park Dist 11,569,172,158,341
South Park Dist 12,595,215,202,425
South Park Dist 13,1081,341,383,735
S Versailles,217,60,103,164
Springdale Br Dist 1,690,219,179,410
Springdale Br Dist 2,597,201,209,419
Springdale Br Dist 3,545,184,135,330
Springdale Br Dist 4,465,145,127,280
Springdale Twp,1187,399,410,825
Stowe Ward 1,434,124,47,180
Stowe Ward 2 Dist 1,174,47,17,69
Stowe Ward 2 Dist 2,678,221,111,338
Stowe Ward 3,351,98,62,161
Stowe Ward 4 Dist 1,342,124,74,205
Stowe Ward 4 Dist 2,372,130,120,257
Stowe Ward 5,438,124,54,181
Stowe Ward 6,445,128,42,172
Stowe Ward 7,301,64,19,84
Stowe Ward 8,402,67,42,113
Stowe Ward 9,290,83,17,103
Swissvale Dist 1,849,334,53,390
Swissvale Dist 2,746,334,37,375
Swissvale Dist 3,662,300,31,336
Swissvale Dist 4,612,283,62,351
Swissvale Dist 5,758,405,65,473
Swissvale Dist 6,390,163,13,178
Swissvale Dist 7,681,374,76,459
Swissvale Dist 8,728,362,56,426
Swissvale Dist 9,689,372,38,418
Swissvale Dist 10,247,97,7,106
Swissvale Dist 11,698,466,55,527
Tarentum Ward 1 Dist 1,662,152,135,301
Tarentum Ward 1 Dist 2,466,175,115,304
Tarentum Ward 2,529,146,107,259
Tarentum Ward 3 Dist 1,282,69,62,132
Tarentum Ward 3 Dist 2,572,129,136,277
Thornburg,404,192,124,321
Pennsbury Vill,593,251,130,387
Trafford,57,20,15,36
Turtle Creek Ward 1 Dist 1,836,293,180,487
Turtle Creek Ward 1 Dist 2,429,138,65,205
Turtle Creek Ward 2 Dist 1,705,235,70,313
Turtle Creek Ward 2 Dist 2,299,100,32,134
Turtle Creek Ward 3 Dist 1,564,175,69,248
Turtle Creek Ward 3 Dist 2,456,151,89,246
Up St Clair Ward 1 Dist 1,727,304,195,507
Up St Clair Ward 1 Dist 2,824,328,258,592
Up St Clair Ward 1 Dist 3,1153,457,381,850
Up St Clair Ward 1 Dist 4,834,340,224,577
Up St Clair Ward 2 Dist 1,1016,399,293,703
Up St Clair Ward 2 Dist 2,722,256,248,508
Up St Clair Ward 2 Dist 3,1051,425,297,733
Up St Clair Ward 2 Dist 4,546,228,170,402
Up St Clair Ward 3 Dist 1,1027,396,310,711
Up St Clair Ward 3 Dist 2,862,329,267,611
Up St Clair Ward 3 Dist 3,1209,405,420,833
Up St Clair Ward 4 Dist 1,1042,392,337,742
Up St Clair Ward 4 Dist 2,780,284,242,533
Up St Clair Ward 4 Dist 3,641,255,202,462
Up St Clair Ward 4 Dist 4,1115,386,349,742
Up St Clair Ward 5 Dist 1,1348,480,456,948
Up St Clair Ward 5 Dist 2,833,318,294,616
Up St Clair Ward 5 Dist 3,900,366,266,647
Verona Dist 1,518,187,82,272
Verona Dist 2,591,235,119,371
Verona Dist 3,594,232,131,365
Versailles Dist 1,545,145,127,281
Versailles Dist 2,447,149,78,231
Wall,297,76,54,131
West Deer Dist 1,1490,409,603,1031
West Deer Dist 2,615,154,258,424
West Deer Dist 3,815,208,278,503
West Deer Dist 4,839,305,297,614
West Deer Dist 5,884,248,317,579
West Deer Dist 6,772,243,291,541
West Deer Dist 7,1804,560,712,1294
West Deer Dist 8,1566,569,592,1173
W Elizabeth,249,71,64,139
W Homestead Dist 1,416,146,30,180
W Homestead Dist 2,463,174,175,353
W Homestead Dist 3,518,182,173,361
West Mifflin Dist 1,695,238,175,422
West Mifflin Dist 2,469,219,46,267
West Mifflin Dist 3,475,200,94,298
West Mifflin Dist 4,444,76,5,85
West Mifflin Dist 5,831,327,228,570
West Mifflin Dist 6,322,114,88,204
West Mifflin Dist 7,762,263,212,486
West Mifflin Dist 8,578,227,74,303
West Mifflin Dist 9,781,314,149,477
West Mifflin Dist 10,512,183,153,340
West Mifflin Dist 11,781,238,194,441
West Mifflin Dist 12,1002,319,230,555
West Mifflin Dist 13,543,168,128,307
West Mifflin Dist 14,883,306,297,614
West Mifflin Dist 15,595,247,150,406
West Mifflin Dist 16,1169,433,395,846
West Mifflin Dist 17,583,190,197,397
West Mifflin Dist 18,810,321,187,523
West Mifflin Dist 19,637,214,221,443
West Mifflin Dist 20,453,181,141,333
West Mifflin Dist 21,681,250,177,435
West View Dist 1,663,289,144,445
West View Dist 2,743,275,172,457
West View Dist 3,588,208,154,371
West View Dist 4,582,230,156,395
West View Dist 5,787,332,171,520
West View Dist 6,720,324,183,528
West View Dist 7,642,297,159,468
Whitaker Dist 1,432,175,84,265
Whitaker Dist 2,354,122,64,189
Whitehall Dist 1,551,211,177,391
Whitehall Dist 2,600,245,153,404
Whitehall Dist 3,740,269,249,524
Whitehall Dist 4,657,273,204,486
Whitehall Dist 5,704,299,167,473
Whitehall Dist 6,1046,233,63,304
Whitehall Dist 7,465,220,96,319
Whitehall Dist 8,794,321,254,583
Whitehall Dist 9,578,230,160,399
Whitehall Dist 10,634,241,184,436
Whitehall Dist 11,633,229,239,473
Whitehall Dist 12,586,218,164,387
Whitehall Dist 13,650,308,195,509
Whitehall Dist 14,607,250,165,422
Whitehall Dist 15,1008,400,320,734
Whitehall Dist 16,620,251,187,448
White Oak Dist 1,724,214,197,423
White Oak Dist 2,794,258,201,472
White Oak Dist 3,885,316,254,583
White Oak Dist 4,732,283,232,521
White Oak Dist 5,806,284,249,545
White Oak Dist 6,728,199,285,493
White Oak Dist 7,1091,343,347,706
Wilkins Ward 1 Dist 1,777,300,151,457
Wilkins Ward 1 Dist 2,659,286,174,472
Wilkins Ward 1 Dist 3,844,417,170,594
Wilkins Ward 1 Dist 4,662,297,149,450
Wilkins Ward 1 Dist 5,481,204,56,263
Wilkins Ward 2 Dist 1,642,287,138,438
Wilkins Ward 2 Dist 2,931,399,148,561
Wilkinsburg Ward 1 Dist 1,929,373,11,386
Wilkinsburg Ward 1 Dist 2,693,249,5,255
Wilkinsburg Ward 1 Dist 3,437,152,6,159
Wilkinsburg Ward 1 Dist 4,624,337,32,378
Wilkinsburg Ward 1 Dist 5,544,297,51,351
Wilkinsburg Ward 1 Dist 6,978,406,22,432
Wilkinsburg Ward 2 Dist 1,760,321,36,362
Wilkinsburg Ward 2 Dist 2,999,517,73,594
Wilkinsburg Ward 2 Dist 3,754,253,13,270
Wilkinsburg Ward 2 Dist 4,527,156,12,168
Wilkinsburg Ward 2 Dist 5,813,330,8,345
Wilkinsburg Ward 3 Dist 1,755,477,54,533
Wilkinsburg Ward 3 Dist 2,698,391,46,444
Wilkinsburg Ward 3 Dist 3,817,287,13,304
Wilkinsburg Ward 3 Dist 4,1054,520,53,576
Wilkinsburg Ward 3 Dist 5,1023,456,12,473
Wilkinsburg Ward 3 Dist 6,525,192,7,200
Wilmerding Dist 1,481,114,34,150
Wilmerding Dist 2,674,227,70,307