Precinct,Registered Voters,DEM Joseph R. Biden/Kamala D. Harris,REP Donald J. Trump/Mike R. Pence,Total
ALEPPO,1388,559,540,1112
ASPINWALL DIST 1,861,493,221,724
ASPINWALL DIST 2,572,338,133,476
ASPINWALL DIST 3,856,491,199,703
AVALON WARD 1,1108,557,257,831
AVALON WARD 2 DIST 1,717,361,192,571
AVALON WARD 2 DIST 2,487,233,141,383
AVALON WARD 3 DIST 1,320,152,101,259
AVALON WARD 3 DIST 2,454,217,117,349
AVALON WARD 3 DIST 3,507,241,137,386
BALDWIN BR DIST 1,626,268,238,515
BALDWIN BR DIST 2,1024,483,372,889
BALDWIN BR DIST 3,838,385,291,683
BALDWIN BR DIST 4,782,319,325,655
BALDWIN BR DIST 5,824,361,304,675
BALDWIN BR DIST 6,764,308,310,632
BALDWIN BR DIST 7,820,343,322,680
BALDWIN BR DIST 8,715,317,290,615
BALDWIN BR DIST 9,769,363,285,656
BALDWIN BR DIST 10,1067,421,218,650
BALDWIN BR DIST 11,1294,590,271,872
BALDWIN BR DIST 12,634,256,266,529
BALDWIN BR DIST 13,688,279,328,618
BALDWIN BR DIST 14,613,255,263,526
BALDWIN BR DIST 15,798,319,343,675
BALDWIN BR DIST 16,914,400,348,761
BALDWIN BR DIST 17,677,323,257,586
BALDWIN BR DIST 18,938,451,309,766
BALDWIN TP DIST 1,806,371,318,698
BALDWIN TP DIST 2,757,339,281,627
BELL ACRES,1205,482,511,1014
BELLEVUE WARD 1 DIST 1,970,458,226,702
BELLEVUE WARD 1 DIST 2,987,509,221,742
BELLEVUE WARD 2 DIST 1,1146,547,253,819
BELLEVUE WARD 2 DIST 2,1010,488,244,757
BELLEVUE WARD 3 DIST 1,1040,502,246,775
BELLEVUE WARD 3 DIST 2,1019,493,282,795
BEN AVON DIST 1,479,283,129,417
BEN AVON DIST 2,986,551,268,846
BEN AVON HT,337,169,129,301
BETHEL PARK WARD 1 DIST 1,883,370,360,740
BETHEL PARK WARD 1 DIST 2,783,365,298,675
BETHEL PARK WARD 1 DIST 3,848,342,369,725
BETHEL PARK WARD 2 DIST 1,743,308,320,642
BETHEL PARK WARD 2 DIST 2,950,402,416,821
BETHEL PARK WARD 2 DIST 3,1121,448,478,938
BETHEL PARK WARD 3 DIST 1,809,324,379,709
BETHEL PARK WARD 3 DIST 2,1100,494,456,957
BETHEL PARK WARD 3 DIST 3,1094,480,482,978
BETHEL PARK WARD 4 DIST 1,1328,517,605,1134
BETHEL PARK WARD 4 DIST 2,800,323,330,661
BETHEL PARK WARD 4 DIST 3,910,383,373,763
BETHEL PARK WARD 5 DIST 1,714,288,318,611
BETHEL PARK WARD 5 DIST 2,679,271,255,537
BETHEL PARK WARD 5 DIST 3,1499,672,534,1221
BETHEL PARK WARD 6 DIST 1,1320,492,596,1106
BETHEL PARK WARD 6 DIST 2,960,428,402,842
BETHEL PARK WARD 6 DIST 3,879,361,391,761
BETHEL PARK WARD 7 DIST 1,1214,478,569,1064
BETHEL PARK WARD 7 DIST 2,1269,544,511,1068
BETHEL PARK WARD 7 DIST 3,775,330,332,676
BETHEL PARK WARD 8 DIST 1,562,251,223,482
BETHEL PARK WARD 8 DIST 2,497,207,133,346
BETHEL PARK WARD 8 DIST 3,1274,535,543,1099
BETHEL PARK WARD 8 DIST 4,461,211,184,404
BETHEL PARK WARD 9 DIST 1,589,252,255,516
BETHEL PARK WARD 9 DIST 2,736,323,281,610
BETHEL PARK WARD 9 DIST 3,1414,576,647,1244
BLAWNOX,1042,454,315,787
BRACKENRIDGE WARD 1,507,171,168,347
BRACKENRIDGE WARD 2,782,264,329,604
BRACKENRIDGE WARD 3,662,194,279,487
BRADDOCK WARD 1,490,258,26,287
BRADDOCK WARD 2,614,319,43,366
BRADDOCK WARD 3,453,207,13,221
BRADDOCK HL DIST 1,810,397,157,559
BRADDOCK HL DIST 2,543,296,132,440
BRADFORD WOODS,1018,437,410,859
BRENTWOOD DIST 1,539,250,200,458
BRENTWOOD DIST 2,744,298,256,576
BRENTWOOD DIST 3,613,260,217,485
BRENTWOOD DIST 4,820,361,298,665
BRENTWOOD DIST 5,733,347,169,524
BRENTWOOD DIST 6,694,292,186,485
BRENTWOOD DIST 7,763,332,259,604
BRENTWOOD DIST 8,728,329,265,611
BRENTWOOD DIST 9,607,270,203,479
BRENTWOOD DIST 10,558,208,241,458
BRIDGEVILLE DIST 1,830,317,322,651
BRIDGEVILLE DIST 2,857,339,307,652
BRIDGEVILLE DIST 3,877,341,376,733
BRIDGEVILLE DIST 4,1010,450,369,831
CARNEGIE WARD 1 DIST 1,547,236,160,407
CARNEGIE WARD 1 DIST 2,1225,578,364,959
CARNEGIE WARD 1 DIST 3,887,424,284,719
CARNEGIE WARD 1 DIST 4,388,179,78,263
CARNEGIE WARD 2 DIST 1,672,279,199,493
CARNEGIE WARD 2 DIST 2,506,236,155,395
CARNEGIE WARD 2 DIST 3,511,238,198,440
CARNEGIE WARD 2 DIST 4,904,342,250,601
CASL SHANNON DIST 1,1072,492,261,763
CASL SHANNON DIST 2,846,379,276,671
CASL SHANNON DIST 3,844,367,312,694
CASL SHANNON DIST 4,648,307,197,512
CASL SHANNON DIST 5,732,367,238,615
CASL SHANNON DIST 6,661,302,244,558
CASL SHANNON DIST 7,771,355,276,638
CASL SHANNON DIST 8,569,275,210,489
CHALFANT DIST 1,588,271,175,453
CHESWICK DIST 1,648,260,289,559
CHESWICK DIST 2,669,257,323,583
CHURCHILL DIST 1,712,436,191,640
CHURCHILL DIST 2,741,431,162,602
CHURCHILL DIST 3,656,390,186,583
CHURCHILL DIST 4,704,356,232,591
CLAIRTON WARD 1 DIST 1,398,160,79,245
CLAIRTON WARD 1 DIST 2,401,155,127,288
CLAIRTON WARD 1 DIST 3,336,92,133,230
CLAIRTON WARD 2 DIST 1,113,66,1,68
CLAIRTON WARD 2 DIST 2,298,162,21,184
CLAIRTON WARD 2 DIST 3,437,206,46,255
CLAIRTON WARD 3 DIST 1,443,189,116,310
CLAIRTON WARD 3 DIST 2,365,152,84,240
CLAIRTON WARD 3 DIST 3,400,138,87,228
CLAIRTON WARD 4 DIST 1,373,200,24,227
CLAIRTON WARD 4 DIST 2,355,165,48,213
CLAIRTON WARD 4 DIST 3,451,172,149,329
COLLIER DIST 1,1318,526,601,1141
COLLIER DIST 2,1353,480,673,1181
COLLIER DIST 3,1303,547,530,1086
COLLIER DIST 4,775,386,252,644
COLLIER DIST 5,987,286,543,834
COLLIER DIST 6,1146,474,459,955
CORAOPOLIS WARD 1 DIST 1,437,230,86,329
CORAOPOLIS WARD 1 DIST 2,513,228,153,388
CORAOPOLIS WARD 2,832,349,201,565
CORAOPOLIS WARD 3 DIST 1,588,269,179,455
CORAOPOLIS WARD 3 DIST 2,578,242,202,452
CORAOPOLIS WARD 4 DIST 1,456,197,149,351
CORAOPOLIS WARD 4 DIST 2,538,253,168,431
CRAFTON WARD 1 DIST 1,932,446,241,709
CRAFTON WARD 1 DIST 2,661,306,195,521
CRAFTON WARD 2 DIST 1,621,310,196,515
CRAFTON WARD 2 DIST 2,808,388,207,608
CRAFTON WARD 3 DIST 1,994,494,303,818
CRAFTON WARD 3 DIST 2,625,288,211,511
CRESCENT WARD 1,1101,392,484,892
CRESCENT WARD 2,685,222,307,538
DORMONT DIST 1,718,391,161,560
DORMONT DIST 2,535,292,168,466
DORMONT DIST 3,941,512,181,714
DORMONT DIST 4,673,388,156,560
DORMONT DIST 5,1098,599,229,847
DORMONT DIST 6,534,309,118,437
DORMONT DIST 7,527,310,119,434
DORMONT DIST 8,424,235,106,350
DORMONT DIST 9,548,306,131,446
DORMONT DIST 10,639,382,151,543
DRAVOSBURG DIST 1,541,188,208,404
DRAVOSBURG DIST 2,341,102,170,278
DRAVOSBURG DIST 3,266,102,108,212
DUQUESNE WARD 1 DIST 1,446,221,106,330
DUQUESNE WARD 1 DIST 2,530,205,58,266
DUQUESNE WARD 1 DIST 3,322,139,17,156
DUQUESNE WARD 1 DIST 4,209,76,22,98
DUQUESNE WARD 2 DIST 1,348,177,22,200
DUQUESNE WARD 2 DIST 2,377,191,30,226
DUQUESNE WARD 2 DIST 3,431,177,89,268
DUQUESNE WARD 3 DIST 1,236,124,19,144
DUQUESNE WARD 3 DIST 2,171,88,13,101
DUQUESNE WARD 3 DIST 3,556,267,89,358
EAST DEER WARD 1,332,124,140,268
EAST DEER WARD 2,574,192,256,452
E MCKEESPORT DIST 1,411,161,150,315
E MCKEESPORT DIST 2,524,239,158,406
E MCKEESPORT DIST 3,482,189,162,360
E PITTSBURGH WARD 1,356,165,49,219
E PITTSBURGH WARD 2,405,189,45,241
E PITTSBURGH WARD 3,530,227,58,287
EDGEWOOD DIST 1,1030,724,110,840
EDGEWOOD DIST 2,965,671,127,805
EDGEWOOD DIST 3,894,630,92,730
EDGEWORTH DIST 1,695,321,214,546
EDGEWORTH DIST 2,763,381,258,654
ELIZABETH BR,894,273,398,683
ELIZABETH TP WARD 1 DIST 1,562,178,288,470
ELIZABETH TP WARD 1 DIST 2,945,271,529,811
ELIZABETH TP WARD 2,1304,375,708,1094
ELIZABETH TP WARD 3,1360,422,718,1156
ELIZABETH TP WARD 4 DIST 1,926,284,469,764
ELIZABETH TP WARD 4 DIST 2,463,140,242,387
ELIZABETH TP WARD 5 DIST 1,463,114,245,366
ELIZABETH TP WARD 5 DIST 2,818,258,376,642
ELIZABETH TP WARD 6 DIST 1,606,172,341,518
ELIZABETH TP WARD 6 DIST 2,731,178,418,600
ELIZABETH TP WARD 7,1293,442,650,1100
EMSWORTH DIST 1,807,372,294,679
EMSWORTH DIST 2,1009,449,336,808
ETNA WARD 1,840,393,244,647
ETNA WARD 2,714,292,224,526
ETNA WARD 3,729,311,280,598
FAWN DIST 1,574,143,342,490
FAWN DIST 2,936,251,531,791
FINDLAY DIST 1,1566,462,821,1302
FINDLAY DIST 2,1830,659,813,1494
FINDLAY DIST 3,1207,462,549,1022
FOREST HILLS DIST 1,621,401,138,547
FOREST HILLS DIST 2,649,397,160,566
FOREST HILLS DIST 3,647,376,169,552
FOREST HILLS DIST 4,708,411,133,554
FOREST HILLS DIST 5,730,407,194,610
FOREST HILLS DIST 6,607,398,109,516
FOREST HILLS DIST 7,800,453,128,590
FOREST HILLS DIST 8,743,387,225,618
FORWARD DIST 1,367,63,239,307
FORWARD DIST 2,834,229,414,652
FORWARD DIST 3,401,113,225,341
FORWARD DIST 4,479,148,247,401
FOX CHAPEL DIST 1,861,452,272,731
FOX CHAPEL DIST 2,1035,533,312,859
FOX CHAPEL DIST 3,737,373,229,615
FOX CHAPEL DIST 4,1224,656,352,1017
FOX CHAPEL DIST 5,949,418,351,779
FRANKLIN PK WARD 1 DIST 1,1209,465,543,1019
FRANKLIN PK WARD 1 DIST 2,1456,629,607,1251
FRANKLIN PK WARD 1 DIST 3,1338,616,511,1148
FRANKLIN PK WARD 2 DIST 1,1236,560,501,1086
FRANKLIN PK WARD 2 DIST 2,1274,553,519,1085
FRANKLIN PK WARD 2 DIST 3,1417,691,546,1255
FRANKLIN PK WARD 3 DIST 1,1307,583,523,1126
FRANKLIN PK WARD 3 DIST 2,806,356,319,689
FRANKLIN PK WARD 3 DIST 3,1276,583,513,1111
FRAZER,804,217,447,670
GLASSPORT DIST 1,576,192,238,437
GLASSPORT DIST 2,397,112,118,239
GLASSPORT DIST 3,539,186,167,364
GLASSPORT DIST 4,244,60,85,146
GLASSPORT DIST 5,485,152,217,373
GLASSPORT DIST 6,446,141,172,317
GLENFIELD,157,50,69,122
GREEN TREE DIST 1,811,373,325,711
GREEN TREE DIST 2,1084,498,422,929
GREEN TREE DIST 3,1031,472,371,854
GREEN TREE DIST 4,882,417,294,728
HAMPTON DIST 1,1206,528,504,1057
HAMPTON DIST 2,1258,481,588,1086
HAMPTON DIST 3,1365,558,578,1156
HAMPTON DIST 4,656,238,320,568
HAMPTON DIST 5,726,308,304,620
HAMPTON DIST 6,654,264,252,525
HAMPTON DIST 7,1382,549,628,1187
HAMPTON DIST 8,975,438,393,842
HAMPTON DIST 9,1362,523,655,1192
HAMPTON DIST 10,1561,657,639,1310
HAMPTON DIST 11,1725,743,775,1537
HAMPTON DIST 12,905,405,379,787
HAMPTON DIST 13,780,332,327,670
HARMAR DIST 1,1313,510,536,1066
HARMAR DIST 2,724,236,306,547
HARMAR DIST 3,365,109,176,292
HARRISON WARD 1 DIST 1,287,107,146,255
HARRISON WARD 1 DIST 2,606,247,260,514
HARRISON WARD 1 DIST 3,684,236,314,558
HARRISON WARD 2 DIST 1,325,123,138,264
HARRISON WARD 2 DIST 2,571,184,189,379
HARRISON WARD 3 DIST 1,1070,387,514,916
HARRISON WARD 3 DIST 2,633,227,289,528
HARRISON WARD 4 DIST 1,709,239,342,587
HARRISON WARD 4 DIST 2,595,179,281,468
HARRISON WARD 5 DIST 1,503,198,128,339
HARRISON WARD 5 DIST 2,796,259,387,657
HAYSVILLE,67,29,25,56
HEIDELBERG,937,411,337,759
HOMESTEAD WARD 1 DIST 1,560,271,89,362
HOMESTEAD WARD 1 DIST 2,344,204,21,227
HOMESTEAD WARD 2 DIST 1,402,237,25,266
HOMESTEAD WARD 2 DIST 2,310,185,17,205
HOMESTEAD WARD 3 DIST 1,475,230,40,273
HOMESTEAD WARD 3 DIST 2,281,149,13,162
INDIANA DIST 1,1001,395,408,819
INDIANA DIST 2,887,339,402,748
INDIANA DIST 3,1385,498,581,1102
INDIANA DIST 4,1148,497,457,968
INDIANA DIST 5,933,424,373,809
INGRAM DIST 1,834,404,237,660
INGRAM DIST 2,648,310,190,507
INGRAM DIST 3,946,437,327,781
JEFFERSON HL DIST 1,1763,667,853,1529
JEFFERSON HL DIST 2,831,230,441,684
JEFFERSON HL DIST 3,698,252,332,597
JEFFERSON HL DIST 4,676,226,282,515
JEFFERSON HL DIST 5,2082,722,969,1707
JEFFERSON HL DIST 6,1012,235,627,866
JEFFERSON HL DIST 7,387,120,214,339
JEFFERSON HL DIST 8,1328,529,626,1171
KENNEDY DIST 1,1546,561,711,1285
KENNEDY DIST 2,911,371,345,722
KENNEDY DIST 3,991,401,426,836
KENNEDY DIST 4,447,191,186,380
KENNEDY DIST 5,1390,530,628,1175
KENNEDY DIST 6,930,413,347,766
KENNEDY DIST 7,569,212,254,470
KILBUCK,620,272,275,550
LEET DIST 1,417,186,163,356
LEET DIST 2,806,388,293,691
LEETSDALE,877,366,285,662
LIBERTY DIST 1,892,277,440,730
LIBERTY DIST 2,804,237,409,661
LINCOLN,698,175,416,600
MARSHALL DIST 1,954,402,376,789
MARSHALL DIST 2,1136,434,511,956
MARSHALL DIST 3,831,339,353,701
MARSHALL DIST 4,1194,536,489,1033
MARSHALL DIST 5,908,411,361,782
MARSHALL DIST 6,1021,437,425,874
MARSHALL DIST 7,1296,519,529,1059
MCCANDLESS WARD 1 DIST 1,1148,487,476,981
MCCANDLESS WARD 1 DIST 2,805,361,236,605
MCCANDLESS WARD 1 DIST 3,1288,507,488,1010
MCCANDLESS WARD 2 DIST 1,1422,671,505,1187
MCCANDLESS WARD 2 DIST 2,888,381,389,776
MCCANDLESS WARD 2 DIST 3,890,373,369,758
MCCANDLESS WARD 3 DIST 1,970,445,352,810
MCCANDLESS WARD 3 DIST 2,1098,459,462,933
MCCANDLESS WARD 3 DIST 3,1127,465,510,992
MCCANDLESS WARD 4 DIST 1,1532,672,632,1326
MCCANDLESS WARD 4 DIST 2,958,421,376,809
MCCANDLESS WARD 4 DIST 3,746,341,312,672
MCCANDLESS WARD 5 DIST 1,858,332,389,729
MCCANDLESS WARD 5 DIST 2,1414,586,517,1119
MCCANDLESS WARD 5 DIST 3,1007,486,354,852
MCCANDLESS WARD 6 DIST 1,488,216,205,425
MCCANDLESS WARD 6 DIST 2,1057,465,451,933
MCCANDLESS WARD 6 DIST 3,1918,902,657,1594
MCCANDLESS WARD 7 DIST 1,1667,691,622,1337
MCCANDLESS WARD 7 DIST 2,1018,469,388,871
MCCANDLESS WARD 7 DIST 3,529,250,203,461
MCDONALD,229,58,123,182
MCKEESPORT WARD 1,9,4,0,4
MCKEESPORT WARD 2,245,62,16,79
MCKEESPORT WARD 3 DIST 1,299,118,19,139
MCKEESPORT WARD 3 DIST 2,118,65,5,70
MCKEESPORT WARD 4,309,117,15,137
MCKEESPORT WARD 5,472,181,35,220
MCKEESPORT WARD 6 DIST 1,349,104,52,159
MCKEESPORT WARD 6 DIST 2,291,106,28,135
MCKEESPORT WARD 7 DIST 1,469,254,38,300
MCKEESPORT WARD 7 DIST 2,275,156,8,166
MCKEESPORT WARD 7 DIST 3,338,156,39,200
MCKEESPORT WARD 7 DIST 4,425,192,49,243
MCKEESPORT WARD 7 DIST 5,536,241,95,337
MCKEESPORT WARD 7 DIST 6,479,196,79,279
MCKEESPORT WARD 7 DIST 7,357,172,18,192
MCKEESPORT WARD 8 DIST 1,280,86,102,189
MCKEESPORT WARD 8 DIST 2,511,216,125,345
MCKEESPORT WARD 8 DIST 3,561,256,72,329
MCKEESPORT WARD 8 DIST 4,464,164,158,323
MCKEESPORT WARD 8 DIST 5,544,223,32,256
MCKEESPORT WARD 8 DIST 6,218,74,89,163
MCKEESPORT WARD 9 DIST 1,448,160,140,304
MCKEESPORT WARD 9 DIST 2,579,227,155,387
MCKEESPORT WARD 9 DIST 3,418,159,121,285
MCKEESPORT WARD 10 DIST 1,322,97,79,179
MCKEESPORT WARD 10 DIST 2,329,126,105,235
MCKEESPORT WARD 11 DIST 1,423,154,145,302
MCKEESPORT WARD 11 DIST 2,388,126,146,279
MCKEESPORT WARD 11 DIST 3,270,142,64,208
MCKEESPORT WARD 12 DIST 1,317,100,129,233
MCKEESPORT WARD 12 DIST 2,375,143,158,302
MCKEESPORT WARD 12 DIST 3,559,220,257,483
MCKEES ROCKS WARD 1 DIST 1,240,60,8,69
MCKEES ROCKS WARD 1 DIST 2,555,238,84,333
MCKEES ROCKS WARD 2 DIST 1,664,237,131,374
MCKEES ROCKS WARD 2 DIST 2,566,213,90,309
MCKEES ROCKS WARD 3 DIST 1,720,276,206,487
MCKEES ROCKS WARD 3 DIST 2,556,206,105,317
MCKEES ROCKS WARD 3 DIST 3,528,232,102,336
MILLVALE DIST 1,510,226,130,361
MILLVALE DIST 2,470,174,138,321
MILLVALE DIST 3,453,209,107,319
MILLVALE DIST 4,453,178,142,331
MILLVALE DIST 5,517,239,156,400
MONROEVILLE WARD 1 DIST 1,692,270,248,531
MONROEVILLE WARD 1 DIST 2,656,272,270,546
MONROEVILLE WARD 1 DIST 3,830,452,262,723
MONROEVILLE WARD 1 DIST 4,931,428,188,631
MONROEVILLE WARD 2 DIST 1,937,466,326,801
MONROEVILLE WARD 2 DIST 2,1016,498,347,867
MONROEVILLE WARD 2 DIST 3,1082,509,381,898
MONROEVILLE WARD 3 DIST 1,1241,504,484,1003
MONROEVILLE WARD 3 DIST 2,632,254,268,531
MONROEVILLE WARD 3 DIST 3,1002,502,359,870
MONROEVILLE WARD 3 DIST 4,443,212,159,376
MONROEVILLE WARD 4 DIST 1,661,289,262,561
MONROEVILLE WARD 4 DIST 2,1036,426,389,827
MONROEVILLE WARD 4 DIST 3,974,414,392,818
MONROEVILLE WARD 5 DIST 1,586,233,242,481
MONROEVILLE WARD 5 DIST 2,904,433,187,626
MONROEVILLE WARD 5 DIST 3,947,390,313,713
MONROEVILLE WARD 5 DIST 4,695,284,177,465
MONROEVILLE WARD 6 DIST 1,837,344,327,679
MONROEVILLE WARD 6 DIST 2,895,380,296,685
MONROEVILLE WARD 6 DIST 3,1122,493,224,728
MONROEVILLE WARD 6 DIST 4,377,177,81,260
MONROEVILLE WARD 7 DIST 1,1384,711,408,1140
MONROEVILLE WARD 7 DIST 2,853,452,216,675
MONROEVILLE WARD 7 DIST 3,610,294,213,516
MOON DIST 1,1248,407,369,785
MOON DIST 2,1851,750,754,1529
MOON DIST 3,1447,567,483,1078
MOON DIST 4,782,296,354,657
MOON DIST 5,2535,975,1097,2100
MOON DIST 6,2408,877,1094,1995
MOON DIST 7,1604,621,526,1178
MOON DIST 8,1054,424,437,869
MOON DIST 9,2026,670,852,1545
MOON DIST 10,786,320,318,648
MOON DIST 11,1373,521,606,1147
MOON DIST 12,1035,429,439,884
MOON DIST 13,718,241,329,583
MT LEBANON WARD 1 DIST 1,835,443,244,697
MT LEBANON WARD 1 DIST 2,682,417,137,556
MT LEBANON WARD 1 DIST 3,656,403,155,569
MT LEBANON WARD 1 DIST 4,782,451,215,675
MT LEBANON WARD 1 DIST 5,631,375,152,532
MT LEBANON WARD 1 DIST 6,1084,557,306,870
MT LEBANON WARD 1 DIST 7,767,434,183,630
MT LEBANON WARD 2 DIST 1,995,576,254,844
MT LEBANON WARD 2 DIST 2,600,324,159,490
MT LEBANON WARD 2 DIST 3,718,435,161,602
MT LEBANON WARD 2 DIST 4,580,359,130,495
MT LEBANON WARD 2 DIST 5,576,331,152,489
MT LEBANON WARD 2 DIST 6,586,330,181,520
MT LEBANON WARD 2 DIST 7,656,383,185,578
MT LEBANON WARD 2 DIST 8,1021,497,309,815
MT LEBANON WARD 3 DIST 1,656,367,188,566
MT LEBANON WARD 3 DIST 2,895,538,227,779
MT LEBANON WARD 3 DIST 3,715,376,222,605
MT LEBANON WARD 3 DIST 4,761,371,197,584
MT LEBANON WARD 3 DIST 5,705,400,199,606
MT LEBANON WARD 3 DIST 6,466,286,121,413
MT LEBANON WARD 3 DIST 7,878,424,288,718
MT LEBANON WARD 3 DIST 8,322,157,107,265
MT LEBANON WARD 4 DIST 1,802,412,192,615
MT LEBANON WARD 4 DIST 2,904,531,206,748
MT LEBANON WARD 4 DIST 3,757,385,203,601
MT LEBANON WARD 4 DIST 4,665,352,226,587
MT LEBANON WARD 4 DIST 5,657,381,190,577
MT LEBANON WARD 4 DIST 6,690,403,181,594
MT LEBANON WARD 4 DIST 7,868,488,205,697
MT LEBANON WARD 5 DIST 1,608,339,164,513
MT LEBANON WARD 5 DIST 2,467,219,105,328
MT LEBANON WARD 5 DIST 3,617,352,148,505
MT LEBANON WARD 5 DIST 4,612,342,174,520
MT LEBANON WARD 5 DIST 5,644,401,154,563
MT LEBANON WARD 5 DIST 6,487,284,124,413
MT LEBANON WARD 5 DIST 7,795,483,187,680
MT LEBANON WARD 5 DIST 8,985,558,215,786
MT OLIVER DIST 1,722,281,92,382
MT OLIVER DIST 2,746,315,113,434
MT OLIVER DIST 3,493,192,110,308
MT OLIVER DIST 4,318,136,76,214
MUNHALL DIST 1,476,176,127,305
MUNHALL DIST 2,508,243,71,317
MUNHALL DIST 3,500,259,66,331
MUNHALL DIST 4,439,245,90,342
MUNHALL DIST 5,739,329,260,600
MUNHALL DIST 6,729,314,252,580
MUNHALL DIST 7,1186,519,398,932
MUNHALL DIST 8,660,281,280,572
MUNHALL DIST 9,734,323,233,564
MUNHALL DIST 10,536,223,191,418
MUNHALL DIST 11,950,436,362,810
MUNHALL DIST 12,549,222,246,472
NEVILLE WARD 1,268,75,120,199
NEVILLE WARD 2,231,77,66,145
NEVILLE WARD 3,265,124,100,227
N BRADDOCK WARD 1 DIST 1,219,117,57,180
N BRADDOCK WARD 1 DIST 2,509,217,127,350
N BRADDOCK WARD 1 DIST 3,531,249,83,337
N BRADDOCK WARD 2 DIST 1,437,191,49,244
N BRADDOCK WARD 2 DIST 2,591,301,84,388
N BRADDOCK WARD 3 DIST 1,413,240,15,258
N BRADDOCK WARD 3 DIST 2,496,245,39,287
N FAYETTE DIST 1,2176,691,1074,1787
N FAYETTE DIST 2,2543,929,952,1921
N FAYETTE DIST 3,2436,930,963,1911
N FAYETTE DIST 4,1128,312,468,792
N FAYETTE DIST 5,2829,977,1264,2269
N VERSAILLES WARD 1 DIST 1,671,257,260,526
N VERSAILLES WARD 1 DIST 2,650,274,266,544
N VERSAILLES WARD 2 DIST 1,669,264,248,517
N VERSAILLES WARD 2 DIST 2,197,86,68,155
N VERSAILLES WARD 3 DIST 1,506,219,203,428
N VERSAILLES WARD 3 DIST 2,624,256,211,473
N VERSAILLES WARD 4 DIST 1,507,185,186,372
N VERSAILLES WARD 4 DIST 2,402,141,164,319
N VERSAILLES WARD 5 DIST 1,571,207,132,344
N VERSAILLES WARD 5 DIST 2,400,155,112,269
N VERSAILLES WARD 6 DIST 1,648,229,285,524
N VERSAILLES WARD 6 DIST 2,562,220,240,469
N VERSAILLES WARD 7,676,355,93,453
OAKDALE DIST 1,612,221,279,508
OAKDALE DIST 2,451,175,209,388
OAKMONT DIST 1,858,419,301,738
OAKMONT DIST 2,1094,493,394,896
OAKMONT DIST 3,770,369,268,644
OAKMONT DIST 4,898,419,306,737
OAKMONT DIST 5,712,342,218,569
OAKMONT DIST 6,1266,585,462,1057
OHARA WARD 1 DIST 1,1075,510,303,820
OHARA WARD 1 DIST 2,652,324,206,538
OHARA WARD 2 DIST 1,626,341,185,533
OHARA WARD 2 DIST 2,937,442,323,777
OHARA WARD 3 DIST 1,669,337,236,580
OHARA WARD 3 DIST 2,597,243,240,490
OHARA WARD 4 DIST 1,582,315,142,461
OHARA WARD 4 DIST 2,789,491,202,699
OHARA WARD 5 DIST 1,755,382,232,628
OHARA WARD 5 DIST 2,893,515,232,758
OHIO DIST 1,1446,616,600,1226
OHIO DIST 2,1815,789,812,1621
OHIO DIST 3,2130,956,736,1728
GLEN OSBORNE,462,237,157,399
PENN HILLS WARD 1 DIST 1,745,450,14,473
PENN HILLS WARD 1 DIST 2,737,503,46,552
PENN HILLS WARD 1 DIST 3,498,287,14,303
PENN HILLS WARD 1 DIST 4,328,203,13,217
PENN HILLS WARD 1 DIST 5,207,125,2,129
PENN HILLS WARD 2 DIST 1,718,441,51,495
PENN HILLS WARD 2 DIST 2,743,449,46,498
PENN HILLS WARD 2 DIST 3,856,511,112,630
PENN HILLS WARD 2 DIST 4,594,410,67,493
PENN HILLS WARD 3 DIST 1,758,392,186,590
PENN HILLS WARD 3 DIST 2,518,310,77,391
PENN HILLS WARD 3 DIST 3,656,407,86,499
PENN HILLS WARD 3 DIST 4,835,463,135,609
PENN HILLS WARD 3 DIST 5,453,224,62,297
PENN HILLS WARD 3 DIST 6,492,237,121,364
PENN HILLS WARD 4 DIST 1,557,329,90,427
PENN HILLS WARD 4 DIST 2,737,372,128,510
PENN HILLS WARD 4 DIST 3,774,404,170,583
PENN HILLS WARD 4 DIST 4,598,330,124,464
PENN HILLS WARD 4 DIST 5,592,337,122,462
PENN HILLS WARD 5 DIST 1,753,402,143,554
PENN HILLS WARD 5 DIST 2,609,304,129,435
PENN HILLS WARD 5 DIST 3,696,383,190,579
PENN HILLS WARD 5 DIST 4,624,335,188,529
PENN HILLS WARD 5 DIST 5,524,306,116,427
PENN HILLS WARD 5 DIST 6,713,354,180,543
PENN HILLS WARD 6 DIST 1,590,254,165,425
PENN HILLS WARD 6 DIST 2,662,347,131,486
PENN HILLS WARD 6 DIST 3,547,318,110,438
PENN HILLS WARD 6 DIST 4,591,347,52,403
PENN HILLS WARD 6 DIST 5,624,369,98,476
PENN HILLS WARD 6 DIST 6,579,311,136,455
PENN HILLS WARD 7 DIST 1,655,413,98,515
PENN HILLS WARD 7 DIST 2,668,291,186,481
PENN HILLS WARD 7 DIST 3,917,510,186,707
PENN HILLS WARD 7 DIST 4,628,286,207,501
PENN HILLS WARD 7 DIST 5,725,398,172,584
PENN HILLS WARD 7 DIST 6,742,379,159,550
PENN HILLS WARD 7 DIST 7,709,254,242,504
PENN HILLS WARD 8 DIST 1,659,297,246,548
PENN HILLS WARD 8 DIST 2,560,231,225,462
PENN HILLS WARD 8 DIST 3,536,234,209,449
PENN HILLS WARD 8 DIST 4,652,293,245,547
PENN HILLS WARD 8 DIST 5,922,397,302,717
PENN HILLS WARD 8 DIST 6,478,214,183,403
PENN HILLS WARD 9 DIST 1,513,239,200,446
PENN HILLS WARD 9 DIST 2,585,270,191,465
PENN HILLS WARD 9 DIST 3,854,382,290,687
PENN HILLS WARD 9 DIST 4,606,282,221,509
PENN HILLS WARD 9 DIST 5,296,190,19,209
PINE DIST 1,1446,565,607,1185
PINE DIST 2,2044,744,943,1712
PINE DIST 3,464,174,210,388
PINE DIST 4,1407,569,602,1188
PINE DIST 5,1971,788,786,1590
PINE DIST 6,831,321,375,708
PINE DIST 7,1478,596,597,1214
PINE DIST 8,1138,410,514,938
PITCAIRN DIST 1,894,313,236,560
PITCAIRN DIST 2,466,142,110,256
PITCAIRN DIST 3,645,213,289,514
PITTSBURGH WARD 1 DIST 1,2993,761,201,979
PITTSBURGH WARD 1 DIST 2,658,286,39,329
PITTSBURGH WARD 2 DIST 1,2162,1106,421,1550
PITTSBURGH WARD 2 DIST 2,1591,819,313,1155
PITTSBURGH WARD 3 DIST 1,259,158,2,162
PITTSBURGH WARD 3 DIST 2,665,467,16,485
PITTSBURGH WARD 3 DIST 3,355,230,7,239
PITTSBURGH WARD 3 DIST 4,493,237,34,272
PITTSBURGH WARD 3 DIST 5,490,256,31,291
PITTSBURGH WARD 4 DIST 1,261,82,4,88
PITTSBURGH WARD 4 DIST 2,748,332,48,386
PITTSBURGH WARD 4 DIST 3,354,191,8,199
PITTSBURGH WARD 4 DIST 4,229,131,10,143
PITTSBURGH WARD 4 DIST 5,916,390,50,446
PITTSBURGH WARD 4 DIST 6,759,289,42,336
PITTSBURGH WARD 4 DIST 7,2217,853,133,997
PITTSBURGH WARD 4 DIST 8,2409,700,95,813
PITTSBURGH WARD 4 DIST 9,884,499,74,576
PITTSBURGH WARD 4 DIST 10,609,290,32,326
PITTSBURGH WARD 4 DIST 11,567,353,73,428
PITTSBURGH WARD 4 DIST 12,663,301,43,350
PITTSBURGH WARD 4 DIST 13,646,247,37,289
PITTSBURGH WARD 4 DIST 14,1403,552,58,619
PITTSBURGH WARD 4 DIST 15,1023,459,49,516
PITTSBURGH WARD 4 DIST 16,1479,663,87,766
PITTSBURGH WARD 4 DIST 17,630,359,54,422
PITTSBURGH WARD 4 DIST 18,703,353,55,416
PITTSBURGH WARD 4 DIST 19,295,121,14,136
PITTSBURGH WARD 5 DIST 1,268,167,6,174
PITTSBURGH WARD 5 DIST 2,374,239,4,243
PITTSBURGH WARD 5 DIST 3,149,98,1,99
PITTSBURGH WARD 5 DIST 4,283,148,4,152
PITTSBURGH WARD 5 DIST 5,214,130,6,137
PITTSBURGH WARD 5 DIST 6,548,224,5,231
PITTSBURGH WARD 5 DIST 7,409,244,9,255
PITTSBURGH WARD 5 DIST 8,441,261,17,280
PITTSBURGH WARD 5 DIST 9,1124,560,77,647
PITTSBURGH WARD 5 DIST 10,464,280,17,301
PITTSBURGH WARD 5 DIST 11,361,204,10,217
PITTSBURGH WARD 5 DIST 12,367,236,7,243
PITTSBURGH WARD 5 DIST 13,259,149,3,155
PITTSBURGH WARD 5 DIST 14,265,162,4,168
PITTSBURGH WARD 5 DIST 15,250,141,3,146
PITTSBURGH WARD 5 DIST 16,186,91,4,96
PITTSBURGH WARD 5 DIST 17,249,149,6,157
PITTSBURGH WARD 5 DIST 18,65,39,4,43
PITTSBURGH WARD 6 DIST 1,1127,669,144,833
PITTSBURGH WARD 6 DIST 2,621,370,76,451
PITTSBURGH WARD 6 DIST 3,782,458,82,549
PITTSBURGH WARD 6 DIST 4,563,332,99,437
PITTSBURGH WARD 6 DIST 5,501,316,51,374
PITTSBURGH WARD 7 DIST 1,655,325,76,404
PITTSBURGH WARD 7 DIST 2,1073,617,150,770
PITTSBURGH WARD 7 DIST 3,771,429,46,481
PITTSBURGH WARD 7 DIST 4,1201,619,107,737
PITTSBURGH WARD 7 DIST 5,823,431,71,511
PITTSBURGH WARD 7 DIST 6,741,421,69,496
PITTSBURGH WARD 7 DIST 7,787,408,77,495
PITTSBURGH WARD 7 DIST 8,773,400,72,483
PITTSBURGH WARD 7 DIST 9,853,490,73,573
PITTSBURGH WARD 7 DIST 10,1120,661,100,770
PITTSBURGH WARD 7 DIST 11,1246,700,109,821
PITTSBURGH WARD 7 DIST 12,1179,702,97,813
PITTSBURGH WARD 7 DIST 13,558,259,39,305
PITTSBURGH WARD 7 DIST 14,465,236,67,307
PITTSBURGH WARD 8 DIST 1,376,232,62,298
PITTSBURGH WARD 8 DIST 2,637,390,102,498
PITTSBURGH WARD 8 DIST 3,880,464,111,589
PITTSBURGH WARD 8 DIST 4,870,478,102,590
PITTSBURGH WARD 8 DIST 5,642,398,83,488
PITTSBURGH WARD 8 DIST 6,445,250,55,315
PITTSBURGH WARD 8 DIST 7,868,542,54,607
PITTSBURGH WARD 8 DIST 8,685,427,57,490
PITTSBURGH WARD 8 DIST 9,877,490,58,565
PITTSBURGH WARD 8 DIST 10,678,426,48,477
PITTSBURGH WARD 8 DIST 11,723,402,59,470
PITTSBURGH WARD 8 DIST 12,626,398,36,436
PITTSBURGH WARD 8 DIST 13,556,310,22,339
PITTSBURGH WARD 9 DIST 1,615,358,78,441
PITTSBURGH WARD 9 DIST 2,594,343,85,439
PITTSBURGH WARD 9 DIST 3,655,400,84,490
PITTSBURGH WARD 9 DIST 4,652,410,58,480
PITTSBURGH WARD 9 DIST 5,668,382,106,497
PITTSBURGH WARD 9 DIST 6,585,362,85,455
PITTSBURGH WARD 9 DIST 7,441,276,50,332
PITTSBURGH WARD 9 DIST 8,737,451,102,566
PITTSBURGH WARD 9 DIST 9,651,362,80,450
PITTSBURGH WARD 10 DIST 1,640,379,80,465
PITTSBURGH WARD 10 DIST 2,637,379,81,472
PITTSBURGH WARD 10 DIST 3,722,428,88,528
PITTSBURGH WARD 10 DIST 4,543,344,107,455
PITTSBURGH WARD 10 DIST 5,511,315,86,411
PITTSBURGH WARD 10 DIST 6,506,273,114,396
PITTSBURGH WARD 10 DIST 7,632,380,125,510
PITTSBURGH WARD 10 DIST 8,611,359,143,508
PITTSBURGH WARD 10 DIST 9,548,319,140,461
PITTSBURGH WARD 10 DIST 10,600,396,119,522
PITTSBURGH WARD 10 DIST 11,645,395,111,513
PITTSBURGH WARD 10 DIST 12,565,390,34,430
PITTSBURGH WARD 10 DIST 13,567,390,64,460
PITTSBURGH WARD 10 DIST 14,570,408,40,454
PITTSBURGH WARD 10 DIST 15,381,234,13,248
PITTSBURGH WARD 10 DIST 16,328,188,6,196
PITTSBURGH WARD 10 DIST 17,469,288,23,316
PITTSBURGH WARD 10 DIST 18,536,351,21,378
PITTSBURGH WARD 10 DIST 19,463,320,10,332
PITTSBURGH WARD 11 DIST 1,637,425,49,479
PITTSBURGH WARD 11 DIST 2,577,355,20,379
PITTSBURGH WARD 11 DIST 3,439,273,10,283
PITTSBURGH WARD 11 DIST 4,512,298,18,319
PITTSBURGH WARD 11 DIST 5,577,350,29,384
PITTSBURGH WARD 11 DIST 6,873,556,50,621
PITTSBURGH WARD 11 DIST 7,675,458,67,532
PITTSBURGH WARD 11 DIST 8,544,326,49,380
PITTSBURGH WARD 11 DIST 9,670,480,49,532
PITTSBURGH WARD 11 DIST 10,561,410,62,475
PITTSBURGH WARD 11 DIST 11,668,444,46,496
PITTSBURGH WARD 11 DIST 12,712,492,56,553
PITTSBURGH WARD 11 DIST 13,715,511,52,569
PITTSBURGH WARD 11 DIST 14,627,365,20,388
PITTSBURGH WARD 11 DIST 15,370,167,9,178
PITTSBURGH WARD 11 DIST 16,602,366,37,416
PITTSBURGH WARD 11 DIST 17,707,451,26,485
PITTSBURGH WARD 11 DIST 18,522,313,18,335
PITTSBURGH WARD 12 DIST 1,226,112,5,117
PITTSBURGH WARD 12 DIST 2,299,164,4,169
PITTSBURGH WARD 12 DIST 3,159,86,3,92
PITTSBURGH WARD 12 DIST 4,324,190,9,201
PITTSBURGH WARD 12 DIST 5,143,73,7,81
PITTSBURGH WARD 12 DIST 6,215,114,7,122
PITTSBURGH WARD 12 DIST 7,319,173,8,181
PITTSBURGH WARD 12 DIST 8,200,107,4,111
PITTSBURGH WARD 12 DIST 9,303,149,4,153
PITTSBURGH WARD 12 DIST 10,423,261,11,275
PITTSBURGH WARD 12 DIST 11,456,274,5,284
PITTSBURGH WARD 12 DIST 12,627,286,25,313
PITTSBURGH WARD 12 DIST 13,399,250,8,260
PITTSBURGH WARD 12 DIST 14,319,183,9,192
PITTSBURGH WARD 12 DIST 15,560,364,8,375
PITTSBURGH WARD 12 DIST 16,382,224,8,237
PITTSBURGH WARD 13 DIST 1,321,198,4,207
PITTSBURGH WARD 13 DIST 2,364,187,15,204
PITTSBURGH WARD 13 DIST 3,309,185,4,191
PITTSBURGH WARD 13 DIST 4,303,167,4,172
PITTSBURGH WARD 13 DIST 5,316,172,9,183
PITTSBURGH WARD 13 DIST 6,365,200,3,205
PITTSBURGH WARD 13 DIST 7,372,177,7,188
PITTSBURGH WARD 13 DIST 8,298,168,4,174
PITTSBURGH WARD 13 DIST 9,284,141,7,148
PITTSBURGH WARD 13 DIST 10,179,88,7,99
PITTSBURGH WARD 13 DIST 11,395,170,7,180
PITTSBURGH WARD 13 DIST 12,386,234,5,239
PITTSBURGH WARD 13 DIST 13,264,127,2,129
PITTSBURGH WARD 13 DIST 14,263,129,6,135
PITTSBURGH WARD 13 DIST 15,300,158,8,169
PITTSBURGH WARD 13 DIST 16,291,163,8,172
PITTSBURGH WARD 13 DIST 17,832,405,17,424
PITTSBURGH WARD 13 DIST 18,239,86,8,96
PITTSBURGH WARD 13 DIST 19,486,359,7,367
PITTSBURGH WARD 14 DIST 1,846,422,41,469
PITTSBURGH WARD 14 DIST 2,1218,394,54,456
PITTSBURGH WARD 14 DIST 3,913,584,69,660
PITTSBURGH WARD 14 DIST 4,803,539,68,610
PITTSBURGH WARD 14 DIST 5,835,561,73,641
PITTSBURGH WARD 14 DIST 6,596,291,68,364
PITTSBURGH WARD 14 DIST 7,3533,756,64,827
PITTSBURGH WARD 14 DIST 8,830,498,73,577
PITTSBURGH WARD 14 DIST 9,779,561,95,664
PITTSBURGH WARD 14 DIST 10,732,521,68,597
PITTSBURGH WARD 14 DIST 11,833,573,95,674
PITTSBURGH WARD 14 DIST 12,837,514,44,569
PITTSBURGH WARD 14 DIST 13,759,563,31,598
PITTSBURGH WARD 14 DIST 14,873,594,69,669
PITTSBURGH WARD 14 DIST 15,776,498,42,553
PITTSBURGH WARD 14 DIST 16,492,338,72,414
PITTSBURGH WARD 14 DIST 17,473,351,48,401
PITTSBURGH WARD 14 DIST 18,745,541,61,607
PITTSBURGH WARD 14 DIST 19,615,448,53,505
PITTSBURGH WARD 14 DIST 20,643,410,69,489
PITTSBURGH WARD 14 DIST 21,605,407,66,478
PITTSBURGH WARD 14 DIST 22,745,549,43,601
PITTSBURGH WARD 14 DIST 23,715,468,84,560
PITTSBURGH WARD 14 DIST 24,577,381,52,443
PITTSBURGH WARD 14 DIST 25,972,621,150,788
PITTSBURGH WARD 14 DIST 26,597,390,87,481
PITTSBURGH WARD 14 DIST 27,532,345,106,459
PITTSBURGH WARD 14 DIST 28,543,301,158,464
PITTSBURGH WARD 14 DIST 29,804,515,86,614
PITTSBURGH WARD 14 DIST 30,689,449,89,550
PITTSBURGH WARD 14 DIST 31,1194,754,175,948
PITTSBURGH WARD 14 DIST 32,791,455,67,529
PITTSBURGH WARD 14 DIST 33,845,426,157,595
PITTSBURGH WARD 14 DIST 34,902,414,173,600
PITTSBURGH WARD 14 DIST 35,611,367,61,433
PITTSBURGH WARD 14 DIST 36,821,434,74,517
PITTSBURGH WARD 14 DIST 37,639,349,95,448
PITTSBURGH WARD 14 DIST 38,586,365,56,428
PITTSBURGH WARD 14 DIST 39,653,398,81,487
PITTSBURGH WARD 14 DIST 40,598,339,71,422
PITTSBURGH WARD 14 DIST 41,79,45,18,64
PITTSBURGH WARD 15 DIST 1,619,327,92,424
PITTSBURGH WARD 15 DIST 2,748,437,91,543
PITTSBURGH WARD 15 DIST 3,644,349,133,490
PITTSBURGH WARD 15 DIST 4,655,405,105,517
PITTSBURGH WARD 15 DIST 5,567,311,102,422
PITTSBURGH WARD 15 DIST 6,533,329,99,435
PITTSBURGH WARD 15 DIST 7,708,388,162,559
PITTSBURGH WARD 15 DIST 8,615,370,104,493
PITTSBURGH WARD 15 DIST 9,171,97,31,129
PITTSBURGH WARD 15 DIST 10,636,368,122,499
PITTSBURGH WARD 15 DIST 11,574,295,141,444
PITTSBURGH WARD 15 DIST 12,486,261,108,376
PITTSBURGH WARD 15 DIST 13,462,231,28,260
PITTSBURGH WARD 15 DIST 14,280,145,33,180
PITTSBURGH WARD 15 DIST 15,372,150,49,201
PITTSBURGH WARD 15 DIST 16,522,294,59,358
PITTSBURGH WARD 15 DIST 17,25,14,1,15
PITTSBURGH WARD 15 DIST 18,535,286,57,344
PITTSBURGH WARD 15 DIST 19,435,193,20,218
PITTSBURGH WARD 16 DIST 1,942,493,139,640
PITTSBURGH WARD 16 DIST 2,1266,618,193,829
PITTSBURGH WARD 16 DIST 3,952,466,184,665
PITTSBURGH WARD 16 DIST 4,432,204,79,291
PITTSBURGH WARD 16 DIST 5,635,317,143,470
PITTSBURGH WARD 16 DIST 6,526,258,120,384
PITTSBURGH WARD 16 DIST 7,410,180,91,274
PITTSBURGH WARD 16 DIST 8,171,53,2,56
PITTSBURGH WARD 16 DIST 9,479,223,97,329
PITTSBURGH WARD 16 DIST 10,382,158,105,269
PITTSBURGH WARD 16 DIST 11,416,186,82,270
PITTSBURGH WARD 17 DIST 1,264,113,63,179
PITTSBURGH WARD 17 DIST 2,881,425,136,571
PITTSBURGH WARD 17 DIST 3,606,335,108,451
PITTSBURGH WARD 17 DIST 4,813,460,127,595
PITTSBURGH WARD 17 DIST 5,623,329,95,433
PITTSBURGH WARD 17 DIST 6,444,188,90,285
PITTSBURGH WARD 17 DIST 7,400,203,72,282
PITTSBURGH WARD 17 DIST 8,439,230,69,310
PITTSBURGH WARD 18 DIST 1,575,260,198,468
PITTSBURGH WARD 18 DIST 2,414,230,16,247
PITTSBURGH WARD 18 DIST 3,365,233,1,235
PITTSBURGH WARD 18 DIST 4,435,249,24,273
PITTSBURGH WARD 18 DIST 5,950,486,196,691
PITTSBURGH WARD 18 DIST 6,376,199,29,230
PITTSBURGH WARD 18 DIST 7,469,224,90,321
PITTSBURGH WARD 18 DIST 8,266,132,22,156
PITTSBURGH WARD 18 DIST 9,687,278,83,375
PITTSBURGH WARD 18 DIST 10,65,28,17,45
PITTSBURGH WARD 18 DIST 11,566,252,79,345
PITTSBURGH WARD 19 DIST 1,543,267,176,445
PITTSBURGH WARD 19 DIST 2,712,297,196,501
PITTSBURGH WARD 19 DIST 3,563,273,149,427
PITTSBURGH WARD 19 DIST 4,411,213,98,317
PITTSBURGH WARD 19 DIST 5,465,221,129,357
PITTSBURGH WARD 19 DIST 6,553,297,132,435
PITTSBURGH WARD 19 DIST 7,225,99,49,154
PITTSBURGH WARD 19 DIST 8,576,267,135,415
PITTSBURGH WARD 19 DIST 9,570,276,109,390
PITTSBURGH WARD 19 DIST 10,696,295,155,460
PITTSBURGH WARD 19 DIST 11,523,210,93,316
PITTSBURGH WARD 19 DIST 12,429,208,155,373
PITTSBURGH WARD 19 DIST 13,491,230,85,319
PITTSBURGH WARD 19 DIST 14,565,279,100,386
PITTSBURGH WARD 19 DIST 15,639,330,124,467
PITTSBURGH WARD 19 DIST 16,604,356,91,457
PITTSBURGH WARD 19 DIST 17,553,303,127,438
PITTSBURGH WARD 19 DIST 18,456,239,65,311
PITTSBURGH WARD 19 DIST 19,532,266,116,393
PITTSBURGH WARD 19 DIST 20,514,252,160,416
PITTSBURGH WARD 19 DIST 21,673,333,135,479
PITTSBURGH WARD 19 DIST 22,558,292,135,437
PITTSBURGH WARD 19 DIST 23,592,277,160,445
PITTSBURGH WARD 19 DIST 24,475,239,114,357
PITTSBURGH WARD 19 DIST 25,540,280,152,438
PITTSBURGH WARD 19 DIST 26,481,243,111,360
PITTSBURGH WARD 19 DIST 27,474,208,138,349
PITTSBURGH WARD 19 DIST 28,627,399,147,553
PITTSBURGH WARD 19 DIST 29,499,248,150,405
PITTSBURGH WARD 19 DIST 30,532,285,155,445
PITTSBURGH WARD 19 DIST 31,491,242,161,405
PITTSBURGH WARD 19 DIST 32,535,289,138,433
PITTSBURGH WARD 19 DIST 33,465,208,168,383
PITTSBURGH WARD 19 DIST 34,540,292,129,431
PITTSBURGH WARD 19 DIST 35,545,268,138,417
PITTSBURGH WARD 19 DIST 36,682,347,194,548
PITTSBURGH WARD 19 DIST 37,449,222,135,367
PITTSBURGH WARD 19 DIST 38,575,278,138,426
PITTSBURGH WARD 20 DIST 1,614,263,219,488
PITTSBURGH WARD 20 DIST 2,234,99,76,179
PITTSBURGH WARD 20 DIST 3,700,329,228,565
PITTSBURGH WARD 20 DIST 4,70,34,9,44
PITTSBURGH WARD 20 DIST 5,571,279,140,423
PITTSBURGH WARD 20 DIST 6,540,232,101,340
PITTSBURGH WARD 20 DIST 7,694,325,78,409
PITTSBURGH WARD 20 DIST 8,711,332,151,498
PITTSBURGH WARD 20 DIST 9,205,79,51,130
PITTSBURGH WARD 20 DIST 10,643,303,79,385
PITTSBURGH WARD 20 DIST 11,705,299,77,383
PITTSBURGH WARD 20 DIST 12,927,457,159,623
PITTSBURGH WARD 20 DIST 13,437,280,31,313
PITTSBURGH WARD 20 DIST 14,875,412,187,610
PITTSBURGH WARD 20 DIST 15,934,454,177,645
PITTSBURGH WARD 20 DIST 16,640,257,256,522
PITTSBURGH WARD 20 DIST 17,436,204,156,364
PITTSBURGH WARD 20 DIST 18,489,196,211,407
PITTSBURGH WARD 21 DIST 1,463,232,37,274
PITTSBURGH WARD 21 DIST 2,455,298,20,326
PITTSBURGH WARD 21 DIST 3,654,417,32,454
PITTSBURGH WARD 21 DIST 4,584,374,41,423
PITTSBURGH WARD 22 DIST 1,732,458,72,537
PITTSBURGH WARD 22 DIST 2,673,435,68,509
PITTSBURGH WARD 22 DIST 3,696,430,60,497
PITTSBURGH WARD 22 DIST 4,892,420,80,511
PITTSBURGH WARD 23 DIST 1,1257,656,172,836
PITTSBURGH WARD 23 DIST 2,794,431,103,550
PITTSBURGH WARD 23 DIST 3,419,189,52,248
PITTSBURGH WARD 24 DIST 1,432,197,109,309
PITTSBURGH WARD 24 DIST 2,430,208,114,326
PITTSBURGH WARD 24 DIST 3,349,134,78,218
PITTSBURGH WARD 24 DIST 4,594,309,124,445
PITTSBURGH WARD 24 DIST 5,515,248,81,335
PITTSBURGH WARD 24 DIST 6,538,258,140,404
PITTSBURGH WARD 25 DIST 1,459,304,26,332
PITTSBURGH WARD 25 DIST 2,422,244,28,276
PITTSBURGH WARD 25 DIST 3,559,330,32,366
PITTSBURGH WARD 25 DIST 4,308,159,10,170
PITTSBURGH WARD 25 DIST 5,369,212,24,242
PITTSBURGH WARD 25 DIST 6,365,158,17,176
PITTSBURGH WARD 25 DIST 7,401,216,75,295
PITTSBURGH WARD 26 DIST 1,541,324,32,358
PITTSBURGH WARD 26 DIST 2,442,264,12,277
PITTSBURGH WARD 26 DIST 3,438,267,37,306
PITTSBURGH WARD 26 DIST 4,400,209,41,257
PITTSBURGH WARD 26 DIST 5,479,225,7,236
PITTSBURGH WARD 26 DIST 6,368,162,8,170
PITTSBURGH WARD 26 DIST 7,296,168,17,186
PITTSBURGH WARD 26 DIST 8,601,203,64,268
PITTSBURGH WARD 26 DIST 9,355,164,96,265
PITTSBURGH WARD 26 DIST 10,673,396,72,473
PITTSBURGH WARD 26 DIST 11,688,434,67,508
PITTSBURGH WARD 26 DIST 12,479,230,74,311
PITTSBURGH WARD 26 DIST 13,596,298,129,434
PITTSBURGH WARD 26 DIST 14,591,267,221,498
PITTSBURGH WARD 26 DIST 15,501,237,152,396
PITTSBURGH WARD 26 DIST 16,725,404,115,527
PITTSBURGH WARD 26 DIST 17,187,71,57,129
PITTSBURGH WARD 27 DIST 1,811,425,221,660
PITTSBURGH WARD 27 DIST 2,668,332,215,557
PITTSBURGH WARD 27 DIST 3,567,322,121,455
PITTSBURGH WARD 27 DIST 4,795,384,170,573
PITTSBURGH WARD 27 DIST 5,751,410,162,581
PITTSBURGH WARD 27 DIST 6,789,385,110,506
PITTSBURGH WARD 27 DIST 7,623,351,116,475
PITTSBURGH WARD 27 DIST 8,599,317,118,444
PITTSBURGH WARD 27 DIST 9,605,274,97,377
PITTSBURGH WARD 27 DIST 10,619,313,82,397
PITTSBURGH WARD 27 DIST 11,631,300,85,394
PITTSBURGH WARD 27 DIST 12,575,261,76,338
PITTSBURGH WARD 27 DIST 13,559,290,86,388
PITTSBURGH WARD 28 DIST 1,680,279,204,500
PITTSBURGH WARD 28 DIST 2,565,258,114,379
PITTSBURGH WARD 28 DIST 3,894,429,292,726
PITTSBURGH WARD 28 DIST 4,659,283,234,526
PITTSBURGH WARD 28 DIST 5,691,354,160,525
PITTSBURGH WARD 28 DIST 6,570,274,174,454
PITTSBURGH WARD 28 DIST 7,648,290,77,372
PITTSBURGH WARD 28 DIST 8,868,448,240,696
PITTSBURGH WARD 28 DIST 9,632,370,96,469
PITTSBURGH WARD 28 DIST 10,546,267,70,345
PITTSBURGH WARD 28 DIST 11,130,73,11,84
PITTSBURGH WARD 29 DIST 1,611,227,199,429
PITTSBURGH WARD 29 DIST 2,543,265,130,401
PITTSBURGH WARD 29 DIST 3,496,214,136,354
PITTSBURGH WARD 29 DIST 4,530,214,159,380
PITTSBURGH WARD 29 DIST 5,564,240,137,381
PITTSBURGH WARD 29 DIST 6,647,286,196,485
PITTSBURGH WARD 29 DIST 7,660,317,184,509
PITTSBURGH WARD 29 DIST 8,547,226,132,361
PITTSBURGH WARD 29 DIST 9,466,175,106,288
PITTSBURGH WARD 29 DIST 10,564,259,158,429
PITTSBURGH WARD 29 DIST 11,647,281,178,474
PITTSBURGH WARD 29 DIST 12,577,247,134,387
PITTSBURGH WARD 30 DIST 1,420,196,37,239
PITTSBURGH WARD 30 DIST 2,391,213,32,250
PITTSBURGH WARD 30 DIST 3,344,127,29,159
PITTSBURGH WARD 30 DIST 4,591,283,77,363
PITTSBURGH WARD 30 DIST 5,671,324,94,419
PITTSBURGH WARD 31 DIST 1,226,64,85,151
PITTSBURGH WARD 31 DIST 2,449,154,232,391
PITTSBURGH WARD 31 DIST 3,561,213,230,452
PITTSBURGH WARD 31 DIST 4,566,203,235,443
PITTSBURGH WARD 31 DIST 5,709,287,294,591
PITTSBURGH WARD 31 DIST 6,551,170,267,442
PITTSBURGH WARD 31 DIST 7,138,79,32,113
PITTSBURGH WARD 32 DIST 1,514,173,205,389
PITTSBURGH WARD 32 DIST 2,667,238,233,488
PITTSBURGH WARD 32 DIST 3,543,251,166,424
PITTSBURGH WARD 32 DIST 4,352,167,86,255
PITTSBURGH WARD 32 DIST 5,584,296,173,480
PITTSBURGH WARD 32 DIST 6,620,208,256,479
PITTSBURGH WARD 32 DIST 7,578,278,169,455
PITTSBURGH WARD 32 DIST 8,660,282,274,562
PLEASANT HL DIST 1,748,318,272,602
PLEASANT HL DIST 2,561,239,234,482
PLEASANT HL DIST 3,583,236,256,504
PLEASANT HL DIST 4,555,248,213,468
PLEASANT HL DIST 5,715,280,268,557
PLEASANT HL DIST 6,964,383,450,838
PLEASANT HL DIST 7,532,225,211,444
PLEASANT HL DIST 8,526,188,260,454
PLEASANT HL DIST 9,659,286,289,585
PLEASANT HL DIST 10,523,187,244,443
PLUM DIST 1,1828,714,787,1525
PLUM DIST 2,607,173,325,507
PLUM DIST 3,986,429,368,804
PLUM DIST 4,863,301,418,733
PLUM DIST 5,891,342,384,736
PLUM DIST 6,1264,442,632,1089
PLUM DIST 7,1261,505,551,1068
PLUM DIST 8,613,227,274,509
PLUM DIST 9,1143,451,530,994
PLUM DIST 10,611,193,295,503
PLUM DIST 11,840,334,368,711
PLUM DIST 12,1119,491,495,998
PLUM DIST 13,582,202,292,505
PLUM DIST 14,746,271,307,593
PLUM DIST 15,853,327,286,628
PLUM DIST 16,631,232,281,518
PLUM DIST 17,720,288,271,571
PLUM DIST 18,856,329,394,730
PLUM DIST 19,2072,719,1032,1774
PLUM DIST 20,979,328,474,813
PLUM DIST 21,425,108,255,372
PORT VUE DIST 1,607,179,257,444
PORT VUE DIST 2,535,154,259,416
PORT VUE DIST 3,529,176,258,438
PORT VUE DIST 4,706,228,317,557
RANKIN WARD 1,358,202,35,238
RANKIN WARD 2,401,211,22,235
RANKIN WARD 3,603,249,30,281
RESERVE WARD 1,539,260,167,434
RESERVE WARD 2,572,262,215,487
RESERVE WARD 3,542,225,234,472
RESERVE WARD 4,856,359,340,712
RICHLAND DIST 1,1142,450,519,984
RICHLAND DIST 2,1195,433,542,998
RICHLAND DIST 3,1236,488,561,1068
RICHLAND DIST 4,1159,454,533,1006
RICHLAND DIST 5,1038,374,502,882
RICHLAND DIST 6,1130,409,585,1001
RICHLAND DIST 7,1141,375,585,993
RICHLAND DIST 8,854,239,427,682
ROBINSON DIST 1,1661,644,724,1386
ROBINSON DIST 2,1165,479,510,996
ROBINSON DIST 3,706,286,302,592
ROBINSON DIST 4,827,345,338,697
ROBINSON DIST 5,616,230,281,515
ROBINSON DIST 6,874,335,327,675
ROBINSON DIST 7,1391,508,671,1199
ROBINSON DIST 8,1721,641,636,1306
ROBINSON DIST 9,2513,975,981,1973
ROSS WARD 1 DIST 1,778,300,346,665
ROSS WARD 1 DIST 2,627,302,220,530
ROSS WARD 1 DIST 3,524,228,190,433
ROSS WARD 1 DIST 4,860,373,332,722
ROSS WARD 2 DIST 1,1227,518,465,998
ROSS WARD 2 DIST 2,942,385,428,824
ROSS WARD 2 DIST 3,731,328,291,631
ROSS WARD 3 DIST 1,686,323,252,583
ROSS WARD 3 DIST 2,712,353,260,626
ROSS WARD 3 DIST 3,567,222,233,464
ROSS WARD 3 DIST 4,692,291,288,592
ROSS WARD 4 DIST 1,894,394,333,750
ROSS WARD 4 DIST 2,1043,514,397,928
ROSS WARD 4 DIST 3,727,305,327,640
ROSS WARD 4 DIST 4,781,340,317,665
ROSS WARD 5 DIST 1,614,254,264,529
ROSS WARD 5 DIST 2,422,178,168,351
ROSS WARD 5 DIST 3,787,312,311,634
ROSS WARD 5 DIST 4,748,341,307,652
ROSS WARD 6 DIST 1,508,260,150,415
ROSS WARD 6 DIST 2,978,481,297,798
ROSS WARD 6 DIST 3,689,314,229,554
ROSS WARD 6 DIST 4,600,254,222,485
ROSS WARD 7 DIST 1,614,240,282,533
ROSS WARD 7 DIST 2,591,247,182,434
ROSS WARD 7 DIST 3,723,313,296,616
ROSS WARD 7 DIST 4,598,238,235,485
ROSS WARD 8 DIST 1,1647,726,547,1299
ROSS WARD 8 DIST 2,516,227,161,392
ROSS WARD 8 DIST 3,564,259,223,491
ROSS WARD 9 DIST 1,832,355,365,728
ROSS WARD 9 DIST 2,969,443,362,825
ROSS WARD 9 DIST 3,785,312,333,655
ROSSLYN FARMS,407,180,169,357
SCOTT WARD 1 DIST 1,602,245,191,450
SCOTT WARD 1 DIST 2,670,248,222,490
SCOTT WARD 2 DIST 1,474,237,136,377
SCOTT WARD 2 DIST 2,669,286,283,576
SCOTT WARD 3 DIST 1,534,229,223,457
SCOTT WARD 3 DIST 2,742,339,271,613
SCOTT WARD 4 DIST 1,780,376,280,662
SCOTT WARD 4 DIST 2,652,340,216,564
SCOTT WARD 5 DIST 1,616,262,237,507
SCOTT WARD 5 DIST 2,740,360,266,634
SCOTT WARD 6 DIST 1,686,320,214,542
SCOTT WARD 6 DIST 2,820,381,295,685
SCOTT WARD 7 DIST 1,892,461,271,738
SCOTT WARD 7 DIST 2,638,297,242,554
SCOTT WARD 8 DIST 1,531,244,225,475
SCOTT WARD 8 DIST 2,1076,469,403,881
SCOTT WARD 9 DIST 1,297,133,68,205
SCOTT WARD 9 DIST 2,333,160,95,257
SEWICKLEY WARD 1,999,503,268,797
SEWICKLEY WARD 2 DIST 1,531,222,184,414
SEWICKLEY WARD 2 DIST 2,591,267,182,458
SEWICKLEY WARD 3,1047,522,304,837
SEWICKLEY HTS,792,286,333,629
SEWICKLEY HILLS,555,224,242,474
SHALER WARD 1 DIST 1,534,247,218,473
SHALER WARD 1 DIST 2,530,218,203,427
SHALER WARD 1 DIST 3,595,238,237,484
SHALER WARD 1 DIST 4,620,289,247,546
SHALER WARD 1 DIST 5,665,301,229,540
SHALER WARD 2 DIST 1,1065,422,475,908
SHALER WARD 2 DIST 2,774,305,359,678
SHALER WARD 2 DIST 3,610,269,222,502
SHALER WARD 2 DIST 4,791,363,324,699
SHALER WARD 2 DIST 5,364,160,140,305
SHALER WARD 3 DIST 1,602,253,257,518
SHALER WARD 3 DIST 2,617,263,247,514
SHALER WARD 3 DIST 3,601,217,289,513
SHALER WARD 3 DIST 4,718,321,310,638
SHALER WARD 3 DIST 5,687,247,346,601
SHALER WARD 4 DIST 1,845,365,352,733
SHALER WARD 4 DIST 2,449,199,168,377
SHALER WARD 4 DIST 3,680,303,275,590
SHALER WARD 4 DIST 4,662,275,290,571
SHALER WARD 4 DIST 5,533,246,190,441
SHALER WARD 5 DIST 1,745,275,346,638
SHALER WARD 5 DIST 2,693,293,294,591
SHALER WARD 5 DIST 3,553,251,236,493
SHALER WARD 5 DIST 4,358,149,161,313
SHALER WARD 5 DIST 5,787,331,332,667
SHALER WARD 6 DIST 1,645,268,278,552
SHALER WARD 6 DIST 2,715,280,315,604
SHALER WARD 6 DIST 3,559,215,265,492
SHALER WARD 6 DIST 4,340,148,159,311
SHALER WARD 6 DIST 5,545,244,225,472
SHALER WARD 7 DIST 1,608,272,236,517
SHALER WARD 7 DIST 2,796,338,314,663
SHALER WARD 7 DIST 3,664,254,273,540
SHALER WARD 7 DIST 4,1036,420,445,872
SHARPSBURG DIST 1,621,276,141,425
SHARPSBURG DIST 2,854,371,200,584
SHARPSBURG DIST 3,845,363,272,644
S FAYETTE DIST 1,589,255,255,514
S FAYETTE DIST 2,1143,397,555,966
S FAYETTE DIST 3,1792,792,725,1532
S FAYETTE DIST 4,874,332,376,719
S FAYETTE DIST 5,910,360,400,773
S FAYETTE DIST 6,1243,496,490,1001
S FAYETTE DIST 7,679,260,300,564
S FAYETTE DIST 8,1577,667,698,1384
S FAYETTE DIST 9,691,239,231,478
S FAYETTE DIST 10,792,327,318,660
S FAYETTE DIST 11,1066,385,474,875
S FAYETTE DIST 12,680,259,298,565
SOUTH PARK DIST 1,775,259,401,672
SOUTH PARK DIST 2,800,300,349,655
SOUTH PARK DIST 3,674,257,292,564
SOUTH PARK DIST 4,582,240,215,464
SOUTH PARK DIST 5,766,313,337,659
SOUTH PARK DIST 6,928,365,356,730
SOUTH PARK DIST 7,1115,457,473,941
SOUTH PARK DIST 8,528,204,245,456
SOUTH PARK DIST 9,839,319,354,683
SOUTH PARK DIST 10,887,327,424,760
SOUTH PARK DIST 11,585,219,235,464
SOUTH PARK DIST 12,603,219,284,514
SOUTH PARK DIST 13,1074,366,553,936
S VERSAILLES,215,46,143,191
SPRINGDAL BR DIST 1,699,265,267,537
SPRINGDAL BR DIST 2,619,210,307,525
SPRINGDAL BR DIST 3,570,206,225,439
SPRINGDAL BR DIST 4,485,162,203,372
SPRINGDALE TWP,1192,407,567,990
STOWE WARD 1,422,176,106,284
STOWE WARD 2 DIST 1,180,55,45,101
STOWE WARD 2 DIST 2,668,295,163,465
STOWE WARD 3,364,125,104,231
STOWE WARD 4 DIST 1,340,131,128,260
STOWE WARD 4 DIST 2,382,143,173,322
STOWE WARD 5,456,161,117,281
STOWE WARD 6,437,178,72,255
STOWE WARD 7,298,117,47,171
STOWE WARD 8,410,122,76,203
STOWE WARD 9,303,131,43,176
SWISSVALE DIST 1,872,452,103,558
SWISSVALE DIST 2,758,430,78,512
SWISSVALE DIST 3,662,380,55,440
SWISSVALE DIST 4,626,339,89,438
SWISSVALE DIST 5,762,471,99,579
SWISSVALE DIST 6,399,208,31,242
SWISSVALE DIST 7,694,443,108,554
SWISSVALE DIST 8,719,416,82,508
SWISSVALE DIST 9,680,416,80,508
SWISSVALE DIST 10,250,145,13,158
SWISSVALE DIST 11,696,503,66,574
TARENTUM WARD 1 DIST 1,657,226,245,480
TARENTUM WARD 1 DIST 2,476,175,191,378
TARENTUM WARD 2,562,170,182,357
TARENTUM WARD 3 DIST 1,278,85,114,201
TARENTUM WARD 3 DIST 2,592,152,254,416
THORNBURG,421,224,135,361
PENNSBURY VILL,592,262,216,486
TRAFFORD,59,20,27,48
TURTLE CREEK WARD 1 DIST 1,841,337,300,644
TURTLE CREEK WARD 1 DIST 2,432,191,107,299
TURTLE CREEK WARD 2 DIST 1,709,311,141,457
TURTLE CREEK WARD 2 DIST 2,325,156,62,219
TURTLE CREEK WARD 3 DIST 1,583,241,105,354
TURTLE CREEK WARD 3 DIST 2,479,192,148,345
UP ST CLAIR WARD 1 DIST 1,735,351,258,616
UP ST CLAIR WARD 1 DIST 2,829,379,312,705
UP ST CLAIR WARD 1 DIST 3,1127,522,476,1013
UP ST CLAIR WARD 1 DIST 4,850,435,265,709
UP ST CLAIR WARD 2 DIST 1,990,461,366,837
UP ST CLAIR WARD 2 DIST 2,723,317,280,602
UP ST CLAIR WARD 2 DIST 3,1034,476,384,872
UP ST CLAIR WARD 2 DIST 4,545,265,190,461
UP ST CLAIR WARD 3 DIST 1,1051,467,389,867
UP ST CLAIR WARD 3 DIST 2,862,372,360,743
UP ST CLAIR WARD 3 DIST 3,1182,456,507,978
UP ST CLAIR WARD 4 DIST 1,1017,444,396,852
UP ST CLAIR WARD 4 DIST 2,792,363,291,663
UP ST CLAIR WARD 4 DIST 3,622,272,225,506
UP ST CLAIR WARD 4 DIST 4,1093,439,430,877
UP ST CLAIR WARD 5 DIST 1,1332,561,565,1138
UP ST CLAIR WARD 5 DIST 2,840,352,357,721
UP ST CLAIR WARD 5 DIST 3,884,421,329,758
VERONA DIST 1,513,212,139,356
VERONA DIST 2,597,254,204,470
VERONA DIST 3,608,259,209,474
VERSAILLES DIST 1,558,196,201,413
VERSAILLES DIST 2,453,167,131,306
WALL,330,100,107,210
WEST DEER DIST 1,1452,451,810,1271
WEST DEER DIST 2,628,161,363,530
WEST DEER DIST 3,877,267,428,705
WEST DEER DIST 4,809,290,403,702
WEST DEER DIST 5,876,265,464,739
WEST DEER DIST 6,772,256,410,674
WEST DEER DIST 7,1844,654,925,1609
WEST DEER DIST 8,1546,571,742,1333
W ELIZABETH,267,77,116,195
W HOMESTEAD DIST 1,454,211,56,271
W HOMESTEAD DIST 2,459,160,219,382
W HOMESTEAD DIST 3,527,196,245,445
WEST MIFFLIN DIST 1,697,273,266,553
WEST MIFFLIN DIST 2,482,271,78,351
WEST MIFFLIN DIST 3,495,218,163,391
WEST MIFFLIN DIST 4,435,134,9,147
WEST MIFFLIN DIST 5,829,342,366,720
WEST MIFFLIN DIST 6,329,114,140,257
WEST MIFFLIN DIST 7,746,297,299,608
WEST MIFFLIN DIST 8,569,286,126,417
WEST MIFFLIN DIST 9,808,343,267,624
WEST MIFFLIN DIST 10,521,205,224,431
WEST MIFFLIN DIST 11,795,275,313,600
WEST MIFFLIN DIST 12,997,347,378,735
WEST MIFFLIN DIST 13,584,225,210,447
WEST MIFFLIN DIST 14,894,331,411,751
WEST MIFFLIN DIST 15,606,268,215,487
WEST MIFFLIN DIST 16,1202,510,525,1039
WEST MIFFLIN DIST 17,591,224,279,505
WEST MIFFLIN DIST 18,833,334,321,664
WEST MIFFLIN DIST 19,652,222,330,562
WEST MIFFLIN DIST 20,471,202,202,414
WEST MIFFLIN DIST 21,684,282,275,568
WEST VIEW DIST 1,693,320,242,575
WEST VIEW DIST 2,776,321,267,601
WEST VIEW DIST 3,604,242,224,475
WEST VIEW DIST 4,585,257,233,499
WEST VIEW DIST 5,790,343,298,652
WEST VIEW DIST 6,719,346,259,619
WEST VIEW DIST 7,650,317,227,551
WHITAKER DIST 1,433,166,149,318
WHITAKER DIST 2,360,138,111,250
WHITEHALL DIST 1,551,237,242,486
WHITEHALL DIST 2,598,264,236,509
WHITEHALL DIST 3,728,276,333,615
WHITEHALL DIST 4,670,309,264,581
WHITEHALL DIST 5,720,348,238,588
WHITEHALL DIST 6,1125,443,151,607
WHITEHALL DIST 7,451,202,157,361
WHITEHALL DIST 8,790,355,336,698
WHITEHALL DIST 9,572,280,210,500
WHITEHALL DIST 10,638,258,271,538
WHITEHALL DIST 11,637,246,296,547
WHITEHALL DIST 12,589,272,230,506
WHITEHALL DIST 13,497,234,185,431
WHITEHALL DIST 14,585,256,242,502
WHITEHALL DIST 15,997,426,425,858
WHITEHALL DIST 16,619,282,246,533
WHITE OAK DIST 1,774,252,338,600
WHITE OAK DIST 2,787,273,332,620
WHITE OAK DIST 3,904,332,417,754
WHITE OAK DIST 4,736,309,307,624
WHITE OAK DIST 5,827,311,361,683
WHITE OAK DIST 6,749,229,382,617
WHITE OAK DIST 7,1122,395,514,918
WILKINS WARD 1 DIST 1,786,356,219,588
WILKINS WARD 1 DIST 2,653,323,223,551
WILKINS WARD 1 DIST 3,854,458,237,700
WILKINS WARD 1 DIST 4,679,346,220,575
WILKINS WARD 1 DIST 5,479,269,75,350
WILKINS WARD 2 DIST 1,651,341,205,553
WILKINS WARD 2 DIST 2,949,491,217,719
WILKINSBURG WARD 1 DIST 1,975,562,27,591
WILKINSBURG WARD 1 DIST 2,731,395,22,419
WILKINSBURG WARD 1 DIST 3,457,241,11,252
WILKINSBURG WARD 1 DIST 4,606,399,42,447
WILKINSBURG WARD 1 DIST 5,553,351,60,416
WILKINSBURG WARD 1 DIST 6,975,552,44,605
WILKINSBURG WARD 2 DIST 1,786,428,49,484
WILKINSBURG WARD 2 DIST 2,969,620,97,727
WILKINSBURG WARD 2 DIST 3,795,404,37,447
WILKINSBURG WARD 2 DIST 4,537,236,14,255
WILKINSBURG WARD 2 DIST 5,797,421,14,443
WILKINSBURG WARD 3 DIST 1,758,509,82,602
WILKINSBURG WARD 3 DIST 2,658,406,55,469
WILKINSBURG WARD 3 DIST 3,811,402,25,430
WILKINSBURG WARD 3 DIST 4,1052,620,78,710
WILKINSBURG WARD 3 DIST 5,1039,592,32,636
WILKINSBURG WARD 3 DIST 6,545,254,13,269
WILMERDING DIST 1,487,170,86,263
WILMERDING DIST 2,689,281,143,431